Rk,Player,Pos,Age,Tm,G,MP,PER,TS%,3PAr,FTr,ORB%,DRB%,TRB%,AST%,STL%,BLK%,TOV%,USG%,,OWS,DWS,WS,WS/48,,OBPM,DBPM,BPM,VORP
1,Steven Adams\adamsst01,C,26,OKC,51,1382,20.8,.599,.008,.400,14.4,24.1,19.4,13.9,1.4,3.6,13.9,17.4,,3.3,2.2,5.5,.192,,1.2,3.4,4.7,2.3
2,Bam Adebayo\adebaba01,PF,22,MIA,56,1927,20.9,.613,.020,.475,8.9,24.4,17.0,23.1,1.8,3.4,17.4,20.3,,4.3,3.1,7.3,.183,,1.1,3.9,5.0,3.4
3,LaMarcus Aldridge\aldrila01,C,34,SAS,52,1717,19.9,.573,.199,.243,6.4,17.9,12.2,11.5,0.9,4.2,7.9,23.3,,3.2,1.3,4.5,.127,,1.2,0.4,1.6,1.5
4,Nickeil Alexander-Walker\alexani01,SG,21,NOP,41,501,7.7,.441,.515,.123,1.7,15.2,8.4,20.5,1.0,1.2,14.3,22.9,,-0.7,0.3,-0.4,-0.037,,-4.0,-2.0,-6.1,-0.5
5,Grayson Allen\allengr01,SG,24,MEM,30,498,11.4,.577,.517,.199,1.1,12.7,7.0,11.7,0.6,0.2,10.7,17.9,,0.5,0.2,0.7,.065,,-0.8,-2.6,-3.3,-0.2
6,Jarrett Allen\allenja01,C,21,BRK,55,1447,20.4,.653,.014,.571,12.2,24.7,18.7,8.0,1.1,4.5,11.9,15.0,,3.8,2.6,6.4,.212,,0.1,3.4,3.5,2.0
7,Kadeem Allen\allenka01,SG,27,NYK,10,117,14.1,.512,.364,.250,1.7,6.6,4.1,27.5,2.1,1.6,14.1,20.6,,0.1,0.1,0.1,.054,,-1.4,-2.5,-3.9,-0.1
8,Al-Farouq Aminu\aminual01,PF,29,ORL,18,380,7.7,.395,.419,.337,6.4,18.4,12.2,7.6,2.3,1.9,14.7,13.2,,-0.4,0.6,0.1,.018,,-5.1,2.1,-3.0,-0.1
9,Justin Anderson\anderju01,SF,26,BRK,3,17,-3.8,.218,.500,.333,0.0,11.8,6.0,0.0,0.0,4.8,0.0,16.9,,-0.1,0.0,-0.1,-0.165,,-12.7,-2.5,-15.2,-0.1
10,Kyle Anderson\anderky01,PF,26,MEM,50,913,13.5,.549,.201,.259,5.7,18.5,12.2,15.4,2.0,2.3,15.3,13.4,,0.8,1.0,1.9,.098,,-1.5,2.2,0.7,0.6
11,Ryan Anderson\anderry01,PF,31,HOU,2,14,9.6,.357,.714,.000,0.0,52.7,26.2,20.1,3.3,0.0,12.5,23.5,,0.0,0.0,0.0,-0.031,,-7.3,1.8,-5.5,0.0
12,Giannis Antetokounmpo\antetgi01,PF,25,MIL,50,1543,32.5,.610,.240,.517,8.2,33.5,21.6,34.0,1.6,3.0,12.9,37.7,,5.3,4.1,9.4,.294,,7.0,5.2,12.2,5.5
13,Kostas Antetokounmpo\antetko01,PF,22,LAL,3,5,8.6,,,,0.0,21.3,10.9,22.4,0.0,0.0,,0.0,,0.0,0.0,0.0,.132,,-4.8,1.0,-3.8,0.0
14,Thanasis Antetokounmpo\antetth01,SF,27,MIL,15,61,13.7,.556,.130,.391,10.3,1.5,5.6,14.0,1.5,1.4,15.6,21.6,,0.0,0.1,0.1,.109,,-1.8,-1.2,-3.0,0.0
15,Carmelo Anthony\anthoca01,PF,35,POR,42,1369,12.3,.511,.292,.197,4.1,16.3,10.3,6.6,1.2,1.2,10.1,22.0,,0.0,0.7,0.8,.028,,-2.2,-1.5,-3.6,-0.6
16,OG Anunoby\anunoog01,SF,22,TOR,56,1640,12.4,.584,.407,.150,4.0,14.9,9.6,7.4,1.9,2.3,12.7,14.6,,1.2,2.8,4.0,.117,,-0.9,2.4,1.5,1.5
17,Ryan Arcidiacono\arcidry01,PG,25,CHI,54,849,8.6,.542,.644,.168,2.1,11.1,6.4,14.5,1.3,0.3,13.9,12.6,,0.5,0.6,1.1,.064,,-2.1,-1.2,-3.2,-0.3
18,Trevor Ariza\arizatr01,SF,34,TOT,45,1209,10.4,.574,.638,.175,2.6,16.6,9.4,7.8,2.3,0.9,14.0,11.5,,0.8,1.1,1.9,.075,,-0.8,1.1,0.3,0.7
18,Trevor Ariza\arizatr01,SF,34,SAC,32,791,9.5,.543,.739,.164,2.9,18.4,10.4,8.5,2.2,0.8,13.7,11.3,,0.3,0.8,1.1,.069,,-1.3,1.2,-0.1,0.4
18,Trevor Ariza\arizatr01,SF,34,POR,13,418,12.1,.631,.457,.196,2.0,13.1,7.6,6.7,2.6,1.0,14.5,11.9,,0.4,0.3,0.8,.088,,0.0,1.0,1.1,0.3
19,D.J. Augustin\augusdj01,PG,32,ORL,40,1029,14.1,.541,.421,.396,1.5,8.7,5.0,26.6,1.3,0.1,12.5,18.6,,1.4,0.8,2.2,.103,,-0.2,-2.1,-2.4,-0.1
20,Deandre Ayton\aytonde01,C,21,PHO,25,831,21.0,.566,.005,.163,13.8,27.1,20.3,10.4,1.0,4.3,11.2,24.1,,1.2,1.1,2.3,.131,,-0.8,1.7,1.0,0.6
21,Dwayne Bacon\bacondw01,SG,24,CHO,39,687,6.1,.419,.275,.217,2.3,14.0,7.9,11.7,1.7,0.3,12.2,19.4,,-1.2,0.4,-0.8,-0.053,,-6.2,-1.5,-7.7,-1.0
22,Marvin Bagley\baglema01,PF,20,SAC,13,334,15.8,.512,.132,.186,9.5,23.7,16.4,5.0,0.9,3.4,9.1,25.9,,0.0,0.3,0.4,.055,,-4.0,-1.6,-5.6,-0.3
23,Lonzo Ball\balllo01,PG,22,NOP,49,1570,12.9,.511,.576,.098,3.6,16.3,9.9,28.7,1.9,1.3,20.5,18.5,,0.4,1.4,1.8,.054,,-0.1,0.7,0.6,1.0
24,Mo Bamba\bambamo01,C,21,ORL,51,758,16.5,.541,.363,.133,10.1,25.6,17.5,7.1,1.3,8.6,13.3,16.8,,0.4,1.5,1.9,.123,,-2.9,4.2,1.3,0.6
25,J.J. Barea\bareajo01,PG,35,DAL,18,282,18.5,.555,.388,.101,3.4,11.3,7.4,37.7,0.5,0.6,14.7,25.9,,0.6,0.1,0.7,.124,,2.0,-3.2,-1.2,0.1
26,Harrison Barnes\barneha02,PF,27,SAC,56,1947,13.4,.573,.341,.348,2.9,13.0,7.8,9.6,0.8,0.4,8.6,17.7,,2.7,0.9,3.7,.090,,-0.1,-1.1,-1.2,0.4
27,RJ Barrett\barrerj01,SG,19,NYK,46,1399,10.0,.464,.265,.350,3.3,14.8,8.8,12.2,1.5,1.1,12.5,23.5,,-1.6,0.9,-0.7,-0.023,,-3.7,-0.8,-4.5,-0.9
28,Will Barton\bartowi01,SF,29,DEN,50,1656,15.9,.542,.371,.187,4.9,16.8,10.8,16.6,1.6,1.4,9.3,19.9,,2.3,1.9,4.2,.121,,1.0,0.7,1.7,1.6
29,Keita Bates-Diop\bateske01,SF,24,TOT,39,665,12.7,.541,.452,.332,3.2,14.9,8.8,6.6,1.2,2.6,5.5,15.7,,0.7,0.5,1.2,.084,,-1.8,-0.5,-2.3,-0.1
29,Keita Bates-Diop\bateske01,SF,24,MIN,37,646,12.6,.535,.456,.316,3.3,15.0,8.9,6.8,1.2,2.6,5.6,15.9,,0.6,0.5,1.1,.080,,-1.9,-0.5,-2.3,-0.1
29,Keita Bates-Diop\bateske01,SF,24,DEN,2,19,15.9,.931,.000,2.000,0.0,11.7,5.8,0.0,0.0,4.8,0.0,8.6,,0.1,0.0,0.1,.221,,-1.0,-1.4,-2.4,0.0
30,Nicolas Batum\batumni01,SF,31,CHO,22,505,9.2,.463,.605,.123,5.2,16.8,10.8,18.3,1.7,1.5,20.5,9.3,,0.2,0.4,0.6,.053,,-2.7,1.3,-1.4,0.1
31,Aron Baynes\baynear01,C,33,PHO,35,780,14.9,.585,.424,.201,7.5,19.9,13.5,12.4,0.5,2.2,11.0,20.2,,1.1,0.7,1.8,.108,,0.6,-0.5,0.1,0.4
32,Kent Bazemore\bazemke01,SF-SG,30,TOT,56,1386,9.0,.493,.480,.269,1.6,15.5,8.6,7.1,2.1,2.2,13.0,17.1,,-0.8,1.2,0.5,.016,,-3.0,0.5,-2.5,-0.2
32,Kent Bazemore\bazemke01,SF,30,POR,43,1111,7.6,.475,.525,.221,1.2,14.6,8.0,7.2,1.9,2.3,14.4,15.9,,-1.0,0.9,-0.1,-0.004,,-3.2,0.6,-2.6,-0.2
32,Kent Bazemore\bazemke01,SG,30,SAC,13,275,14.8,.543,.343,.419,3.2,19.5,11.1,6.5,2.8,1.7,8.8,21.6,,0.2,0.4,0.6,.097,,-2.0,-0.2,-2.2,0.0
33,Darius Bazley\bazleda01,PF,19,OKC,53,909,8.2,.475,.435,.204,2.6,20.5,11.9,4.3,1.1,3.3,13.8,14.1,,-0.8,1.2,0.4,.022,,-5.0,1.2,-3.8,-0.4
34,Bradley Beal\bealbr01,SG,26,WAS,48,1709,22.6,.573,.360,.367,2.9,10.8,6.7,28.4,1.4,1.0,11.5,33.9,,3.8,0.3,4.0,.113,,4.8,-3.1,1.7,1.6
35,Malik Beasley\beaslma01,SG,23,TOT,46,914,11.8,.530,.534,.129,1.8,11.3,6.5,9.5,1.8,0.8,10.1,21.4,,0.1,0.9,1.0,.050,,-1.2,-1.8,-3.0,-0.2
35,Malik Beasley\beaslma01,SG,23,DEN,41,746,10.5,.511,.535,.126,1.3,10.1,5.7,9.1,2.1,0.7,10.2,20.5,,-0.1,0.8,0.6,.040,,-1.9,-1.6,-3.4,-0.3
35,Malik Beasley\beaslma01,SG,23,MIN,5,168,17.4,.596,.529,.138,3.6,16.8,10.0,11.2,0.8,1.0,9.8,25.1,,0.2,0.1,0.3,.093,,1.5,-2.8,-1.3,0.0
36,Marco Belinelli\belinma01,SG,33,SAS,48,725,9.5,.502,.560,.164,0.4,11.1,5.8,11.6,0.6,0.0,5.0,16.8,,0.3,0.1,0.4,.026,,-1.2,-3.6,-4.8,-0.5
37,Jordan Bell\belljo01,C,25,MIN,27,235,14.2,.570,.150,.483,12.1,23.1,17.4,8.7,0.4,3.5,19.8,15.9,,0.2,0.2,0.4,.075,,-3.5,0.3,-3.1,-0.1
38,DeAndre' Bembry\bembrde01,SG,25,ATL,43,915,9.6,.500,.285,.211,4.0,14.0,8.9,12.3,2.8,1.7,19.4,14.0,,-0.5,0.8,0.3,.013,,-3.6,1.4,-2.2,-0.1
39,Dragan Bender\bendedr01,SF,22,TOT,8,111,8.9,.513,.483,.172,1.9,19.7,11.3,14.0,0.0,4.7,13.8,13.5,,0.0,0.2,0.2,.086,,-3.8,1.9,-1.9,0.0
39,Dragan Bender\bendedr01,SF,22,MIL,7,91,8.5,.582,.429,.143,0.0,20.3,10.8,12.3,0.0,4.8,18.3,12.4,,0.0,0.2,0.2,.109,,-4.2,2.6,-1.6,0.0
39,Dragan Bender\bendedr01,SF,22,GSW,1,20,10.9,.338,.625,.250,10.4,16.7,13.4,21.6,0.0,4.5,0.0,18.9,,0.0,0.0,0.0,-0.016,,-2.1,-1.1,-3.3,0.0
40,Dāvis Bertāns\bertada01,PF,27,WAS,46,1354,15.5,.626,.757,.192,2.6,15.1,8.6,8.5,1.1,1.9,8.0,18.4,,2.7,0.4,3.0,.107,,3.1,-2.1,1.0,1.0
41,Patrick Beverley\beverpa01,PG,31,LAC,40,1121,13.1,.549,.605,.131,4.8,16.2,10.6,18.9,2.1,2.0,14.9,13.3,,1.3,1.7,3.0,.130,,1.0,2.9,3.9,1.7
42,Khem Birch\birchkh01,C,27,ORL,38,773,10.4,.537,.009,.593,9.2,15.8,12.4,6.3,1.0,2.5,13.9,9.3,,0.7,0.9,1.6,.098,,-3.3,2.0,-1.4,0.1
43,Goga Bitadze\bitadgo01,C,20,IND,43,371,12.4,.529,.232,.259,6.6,19.6,13.1,7.5,0.5,6.9,14.4,17.3,,0.0,0.5,0.6,.072,,-4.1,2.2,-2.0,0.0
44,Bismack Biyombo\biyombi01,C,27,CHO,47,890,16.2,.568,.000,.541,12.8,20.4,16.5,7.4,0.5,4.0,12.4,17.1,,1.3,0.7,2.0,.109,,-2.4,0.4,-2.0,0.0
45,Nemanja Bjelica\bjeline01,PF,31,SAC,56,1593,16.3,.608,.481,.118,6.4,19.2,12.6,14.8,1.5,1.9,12.6,17.6,,2.9,1.5,4.4,.134,,2.0,1.0,2.9,2.0
46,Eric Bledsoe\bledser01,PG,30,MIL,48,1300,18.8,.579,.303,.284,2.8,13.6,8.6,28.5,1.6,1.5,15.0,24.2,,2.3,2.4,4.8,.177,,1.2,1.1,2.3,1.4
47,Bogdan Bogdanović\bogdabo01,SG,27,SAC,45,1271,13.9,.553,.583,.157,1.4,11.5,6.3,17.0,1.6,0.8,11.9,22.8,,0.8,0.9,1.6,.062,,0.9,-1.7,-0.8,0.4
48,Bojan Bogdanović\bogdabo02,SF,30,UTA,55,1831,16.1,.606,.491,.296,2.1,11.2,6.8,9.7,0.8,0.3,13.0,25.7,,2.5,1.6,4.1,.108,,1.6,-1.7,0.0,0.9
49,Jonah Bolden\boldejo01,PF,24,TOT,7,47,4.9,.392,.364,.364,6.9,14.4,10.6,0.0,3.0,3.7,13.6,13.4,,-0.1,0.1,0.0,-0.004,,-7.5,-0.1,-7.6,-0.1
49,Jonah Bolden\boldejo01,PF,24,PHI,4,14,-2.0,.515,.333,.667,0.0,7.8,3.9,0.0,3.5,0.0,34.0,18.1,,-0.1,0.0,0.0,-0.140,,-10.0,-1.1,-11.0,0.0
49,Jonah Bolden\boldejo01,PF,24,PHO,3,33,7.9,.338,.375,.250,9.8,17.2,13.4,0.0,2.9,5.3,0.0,11.4,,0.0,0.1,0.0,.053,,-6.4,0.3,-6.1,0.0
50,Marques Bolden\boldema01,C,21,CLE,1,3,19.8,,,,0.0,74.3,36.9,0.0,16.2,0.0,,0.0,,0.0,0.0,0.0,.279,,-8.5,10.7,2.2,0.0
51,Jordan Bone\bonejo01,PG,22,DET,10,53,0.8,.300,.500,.000,0.0,8.6,4.2,20.9,0.9,0.0,9.1,18.0,,-0.1,0.0,-0.1,-0.114,,-7.2,-4.1,-11.3,-0.1
52,Isaac Bonga\bongais01,SF,20,WAS,50,885,11.2,.631,.276,.356,6.3,13.6,9.8,7.8,1.7,1.8,15.7,10.5,,1.2,0.3,1.6,.085,,-0.7,0.0,-0.7,0.3
53,Devin Booker\bookede01,SG,23,PHO,54,1938,20.5,.623,.306,.398,1.4,11.8,6.5,29.6,1.0,0.6,15.4,29.6,,4.6,1.2,5.7,.141,,3.8,-1.9,1.9,1.9
54,Chris Boucher\bouchch01,PF,27,TOR,49,638,20.2,.568,.365,.404,14.1,21.2,17.8,5.1,1.3,7.4,6.9,19.5,,1.6,1.4,2.9,.221,,0.0,2.5,2.5,0.7
55,Brian Bowen\bowenbr02,SG,21,IND,3,10,1.0,.250,.250,.000,0.0,11.0,5.5,0.0,0.0,8.8,0.0,17.6,,0.0,0.0,0.0,-0.154,,-12.8,-0.6,-13.4,0.0
56,Ky Bowman\bowmaky01,PG,22,GSW,42,935,9.4,.484,.341,.132,2.7,10.3,6.3,20.2,2.1,0.9,16.1,17.0,,-0.5,0.5,0.0,.000,,-3.3,-1.1,-4.4,-0.6
57,Avery Bradley\bradlav01,SG,29,LAL,41,969,9.1,.547,.406,.065,2.0,8.5,5.3,6.5,1.7,0.4,10.7,15.6,,0.3,1.1,1.4,.067,,-1.6,-0.5,-2.1,0.0
58,Tony Bradley\bradlto01,C,22,UTA,42,430,19.7,.647,.000,.272,19.1,25.4,22.4,3.9,1.1,3.3,13.6,16.5,,1.2,0.7,1.9,.214,,0.1,0.7,0.9,0.3
59,Jarrell Brantley\brantja01,PF,23,UTA,3,11,9.4,,,,0.0,47.2,24.7,10.9,0.0,15.2,100.0,4.0,,0.0,0.0,0.0,.064,,-11.2,13.2,2.0,0.0
60,Ignas Brazdeikis\brazdig01,SF,21,NYK,9,53,3.3,.351,.409,.227,3.8,6.2,5.0,10.7,0.0,1.8,7.6,21.0,,-0.1,0.0,-0.1,-0.108,,-6.7,-4.0,-10.7,-0.1
61,Mikal Bridges\bridgmi01,SF,23,PHO,57,1466,12.8,.606,.367,.281,3.6,13.4,8.4,8.7,2.8,1.9,12.6,12.6,,1.6,1.8,3.4,.111,,-0.4,2.3,1.8,1.4
62,Miles Bridges\bridgmi02,SF,21,CHO,56,1725,12.7,.535,.402,.173,4.7,15.3,9.8,9.3,1.0,2.1,10.8,19.7,,0.6,1.1,1.7,.047,,-1.5,-0.7,-2.1,-0.1
63,Oshae Brissett\brissos01,SF,21,TOR,19,135,6.7,.458,.417,.278,7.2,12.9,10.1,6.9,1.4,0.7,14.8,15.0,,-0.1,0.2,0.1,.045,,-4.3,-0.2,-4.5,-0.1
64,Ryan Broekhoff\broekry01,SG,29,DAL,17,180,13.3,.568,.864,.136,3.0,21.7,12.5,8.3,1.4,1.9,8.8,16.3,,0.2,0.2,0.4,.115,,0.2,-0.7,-0.5,0.1
65,Malcolm Brogdon\brogdma01,PG,27,IND,43,1327,17.5,.530,.305,.243,3.2,13.9,8.5,34.7,1.1,0.5,13.8,25.4,,1.6,1.2,2.9,.103,,1.7,-0.8,0.8,1.0
66,Dillon Brooks\brookdi01,SG,24,MEM,56,1585,11.5,.514,.385,.194,3.7,8.9,6.3,10.3,1.5,1.2,9.9,24.5,,-0.1,1.0,1.0,.029,,-1.3,-1.8,-3.1,-0.5
67,Bruce Brown\brownbr01,SG,23,DET,56,1572,11.9,.518,.215,.276,4.1,14.9,9.5,19.8,2.0,1.5,16.8,15.9,,0.7,1.4,2.1,.065,,-1.7,1.3,-0.4,0.6
68,Charlie Brown\brownch02,SG,22,ATL,10,40,11.1,.472,.474,.263,5.3,5.4,5.4,7.3,2.3,4.2,12.4,25.1,,0.0,0.0,0.0,-0.026,,-4.3,-2.0,-6.3,0.0
69,Jaylen Brown\brownja02,SF,23,BOS,46,1552,17.2,.595,.362,.284,3.5,16.8,10.2,10.1,1.6,0.8,12.4,24.6,,2.0,2.1,4.1,.128,,1.1,-0.4,0.7,1.0
70,Moses Brown\brownmo01,C,20,POR,9,33,6.8,.407,.000,.800,9.5,33.9,21.8,4.1,1.4,2.5,18.2,21.2,,-0.1,0.0,0.0,-0.061,,-10.2,-1.4,-11.5,-0.1
71,Sterling Brown\brownst02,SF,24,MIL,39,565,10.1,.494,.514,.178,4.8,19.8,12.8,8.3,1.7,0.9,13.8,16.9,,-0.2,1.2,1.0,.083,,-3.3,1.0,-2.3,0.0
72,Troy Brown\browntr01,SG,20,WAS,52,1333,14.2,.539,.274,.226,4.6,19.3,11.7,12.5,2.5,0.3,10.1,17.0,,1.3,0.8,2.1,.075,,-0.6,-0.3,-0.9,0.4
73,Jalen Brunson\brunsja01,PG,23,DAL,57,1022,15.2,.553,.309,.193,2.3,11.2,6.9,27.0,1.0,0.3,13.6,20.4,,1.7,0.6,2.3,.107,,0.0,-2.2,-2.2,0.0
74,Thomas Bryant\bryanth01,C,22,WAS,31,769,19.6,.642,.165,.289,8.9,23.4,15.9,12.3,0.7,3.1,12.0,18.4,,1.9,0.4,2.3,.143,,1.2,-0.2,1.1,0.6
75,Reggie Bullock\bullore01,SG,28,NYK,22,563,10.3,.506,.500,.093,2.4,8.4,5.3,8.5,2.1,0.0,6.2,17.0,,0.2,0.3,0.6,.048,,-0.7,-1.6,-2.3,0.0
76,Trey Burke\burketr01,PG,27,PHI,25,329,15.4,.545,.299,.142,5.0,6.6,5.8,24.4,1.0,0.3,8.2,19.3,,0.6,0.3,0.9,.134,,0.5,-2.7,-2.1,0.0
77,Alec Burks\burksal01,SG,28,TOT,51,1455,16.0,.549,.374,.367,2.8,14.9,8.6,17.2,1.7,1.0,9.5,23.6,,1.7,0.9,2.6,.086,,0.3,-1.5,-1.2,0.3
77,Alec Burks\burksal01,SG,28,GSW,48,1390,16.2,.552,.373,.373,2.8,15.2,8.7,17.5,1.7,1.1,9.8,23.8,,1.7,0.8,2.5,.087,,0.5,-1.4,-1.0,0.4
77,Alec Burks\burksal01,SG,28,PHI,3,65,10.6,.467,.393,.250,3.4,10.1,6.7,9.0,1.5,0.0,3.1,21.3,,0.0,0.1,0.1,.063,,-2.7,-2.8,-5.5,-0.1
78,Deonte Burton\burtode02,SG,26,OKC,31,258,6.1,.419,.421,.126,2.2,14.5,8.6,6.1,0.8,3.3,9.1,18.8,,-0.5,0.3,-0.2,-0.035,,-6.1,-0.7,-6.8,-0.3
79,Jimmy Butler\butleji01,SF,30,MIA,47,1616,23.8,.583,.178,.669,6.3,15.7,11.2,28.2,2.5,1.6,11.4,25.5,,5.3,2.2,7.5,.224,,3.4,1.7,5.1,2.9
80,Bruno Caboclo\cabocbr01,SF,24,TOT,23,197,11.6,.435,.371,.043,9.3,14.8,12.1,6.8,2.8,5.7,11.2,17.0,,-0.2,0.3,0.1,.036,,-3.7,2.7,-1.0,0.1
80,Bruno Caboclo\cabocbr01,SF,24,MEM,22,192,11.9,.441,.362,.043,9.5,14.6,12.1,7.0,2.4,5.4,9.1,16.8,,-0.1,0.3,0.2,.047,,-3.2,2.2,-1.0,0.0
80,Bruno Caboclo\cabocbr01,SF,24,HOU,1,5,-0.8,.000,1.000,.000,0.0,21.1,10.5,0.0,18.5,17.1,66.7,24.7,,-0.1,0.0,0.0,-0.399,,-22.2,22.8,0.5,0.0
81,Kentavious Caldwell-Pope\caldwke01,SG,26,LAL,55,1396,11.7,.596,.480,.220,2.8,6.3,4.6,9.0,1.5,0.7,10.2,14.8,,1.9,1.4,3.3,.114,,0.5,-0.6,0.0,0.7
82,Vlatko Čančar\cancavl01,SF,22,DEN,11,38,13.0,.588,.455,.364,8.7,14.6,11.6,10.8,1.3,2.4,19.0,18.0,,0.0,0.0,0.1,.106,,-1.4,-0.5,-1.9,0.0
83,Clint Capela\capelca01,C,25,HOU,39,1279,20.7,.626,.000,.268,13.7,30.4,22.0,5.6,1.2,4.8,12.7,16.0,,2.9,2.1,5.0,.187,,-1.0,2.4,1.4,1.1
84,DeMarre Carroll\carrode01,SF,33,TOT,16,148,5.6,.452,.448,.759,6.5,18.1,12.3,12.4,0.6,1.2,25.2,15.1,,-0.2,0.1,-0.1,-0.030,,-5.0,-1.4,-6.4,-0.2
84,DeMarre Carroll\carrode01,SF,33,SAS,15,135,5.0,.437,.448,.690,5.5,19.1,12.3,10.2,0.7,1.3,20.9,15.3,,-0.2,0.1,-0.1,-0.037,,-5.1,-1.2,-6.3,-0.1
84,DeMarre Carroll\carrode01,SF,33,HOU,1,13,11.2,1.136,,,16.0,8.1,12.1,36.0,0.0,0.0,77.3,12.3,,0.0,0.0,0.0,.039,,-3.7,-3.7,-7.4,0.0
85,Jevon Carter\carteje01,PG,24,PHO,42,600,10.7,.546,.551,.115,4.0,10.9,7.4,12.4,2.4,1.6,14.6,13.6,,0.3,0.6,0.9,.073,,-1.3,0.7,-0.6,0.2
86,Vince Carter\cartevi01,SF,43,ATL,51,763,7.6,.470,.664,.111,2.0,13.6,7.8,8.1,1.2,2.6,9.8,16.6,,-0.5,0.4,-0.2,-0.010,,-3.5,-1.3,-4.8,-0.5
87,Wendell Carter\cartewe01,C,20,CHI,37,1109,16.1,.592,.091,.417,12.3,24.4,18.1,6.0,1.3,2.8,14.5,16.4,,1.7,1.5,3.1,.136,,-1.7,1.3,-0.4,0.5
88,Michael Carter-Williams\cartemi01,SG,28,ORL,33,592,15.1,.502,.271,.354,6.0,14.4,10.0,21.9,2.9,2.4,14.3,17.9,,0.4,0.9,1.3,.105,,-1.5,2.3,0.8,0.4
89,Alex Caruso\carusal01,PG,25,LAL,52,940,10.9,.544,.421,.285,1.6,9.6,5.7,11.9,2.7,1.3,13.4,13.7,,0.6,1.4,2.0,.101,,-1.4,1.2,-0.2,0.4
90,Willie Cauley-Stein\caulewi01,C,26,TOT,50,1051,16.9,.585,.003,.216,7.9,22.7,15.1,9.9,2.2,4.9,10.9,14.5,,1.4,1.4,2.7,.126,,-2.0,3.2,1.1,0.8
90,Willie Cauley-Stein\caulewi01,C,26,GSW,41,940,16.2,.573,.000,.222,7.8,21.8,14.6,9.9,2.3,4.8,11.0,14.4,,1.1,1.1,2.2,.113,,-2.3,3.1,0.8,0.7
90,Willie Cauley-Stein\caulewi01,C,26,DAL,9,111,23.0,.682,.029,.176,8.6,29.6,19.3,9.7,1.8,6.1,9.8,15.7,,0.3,0.2,0.5,.234,,0.2,3.6,3.8,0.2
91,Tyson Chandler\chandty01,C,37,HOU,26,219,10.8,.717,.000,.722,11.9,19.7,15.8,3.5,1.3,3.1,25.2,6.0,,0.3,0.3,0.6,.130,,-2.5,1.4,-1.0,0.1
92,Wilson Chandler\chandwi01,SF,32,BRK,27,572,8.6,.545,.628,.145,1.7,19.4,10.8,7.6,1.3,1.4,14.9,13.3,,0.0,0.8,0.8,.067,,-3.1,1.1,-2.0,0.0
93,Joe Chealey\chealjo01,PG,24,CHO,1,3,-13.7,.000,1.000,.000,0.0,0.0,0.0,0.0,0.0,0.0,0.0,14.6,,0.0,0.0,0.0,-0.369,,-13.4,-5.7,-19.1,0.0
94,Zylan Cheatham\cheatzy01,SF,24,NOP,3,31,0.1,.400,.200,.000,3.4,17.1,10.2,8.0,0.0,2.7,37.5,10.6,,-0.1,0.0,-0.1,-0.084,,-8.6,0.5,-8.2,0.0
95,Chris Chiozza\chiozch01,PG,24,TOT,15,150,9.8,.386,.500,.000,0.7,13.3,6.8,29.9,3.7,1.1,18.5,14.9,,-0.1,0.2,0.0,.008,,-3.8,-0.3,-4.1,-0.1
95,Chris Chiozza\chiozch01,PG,24,WAS,10,123,9.2,.397,.471,.000,0.0,13.7,6.6,28.5,3.8,1.4,20.9,14.5,,-0.1,0.1,0.0,-0.003,,-4.2,-0.2,-4.5,-0.1
95,Chris Chiozza\chiozch01,PG,24,BRK,5,27,12.9,.350,.600,.000,3.9,11.1,7.6,36.4,3.5,0.0,9.1,17.0,,0.0,0.0,0.0,.061,,-2.0,-0.3,-2.3,0.0
96,Marquese Chriss\chrisma01,PF,22,GSW,51,977,19.0,.596,.111,.408,10.1,22.2,15.9,14.3,1.6,5.0,15.0,19.1,,1.5,1.0,2.5,.125,,-1.0,2.2,1.2,0.8
97,Gary Clark\clarkga01,PF,25,TOT,31,378,10.9,.541,.863,.095,6.8,14.5,10.6,4.6,0.5,3.0,3.9,11.5,,0.5,0.3,0.8,.107,,-1.2,-1.1,-2.3,0.0
97,Gary Clark\clarkga01,PF,25,HOU,18,212,11.9,.564,.864,.119,5.4,14.4,9.9,7.6,0.4,2.8,3.1,12.5,,0.4,0.2,0.6,.127,,0.0,-1.1,-1.1,0.0
97,Gary Clark\clarkga01,PF,25,ORL,13,166,9.7,.502,.861,.056,8.6,14.7,11.5,0.8,0.6,3.3,5.1,10.2,,0.1,0.2,0.3,.081,,-2.8,-1.0,-3.9,-0.1
98,Brandon Clarke\clarkbr01,PF,23,MEM,49,1083,21.9,.670,.127,.228,7.6,20.6,14.2,10.1,1.1,3.3,9.1,19.0,,3.1,1.1,4.3,.190,,2.0,0.8,2.8,1.3
99,Jordan Clarkson\clarkjo01,SG,27,TOT,55,1338,18.6,.589,.477,.201,3.1,8.6,5.9,14.2,1.2,0.9,8.6,25.4,,2.7,0.7,3.4,.122,,2.8,-2.7,0.2,0.7
99,Jordan Clarkson\clarkjo01,SG,27,CLE,29,666,18.8,.581,.488,.264,3.5,8.0,5.7,17.1,1.2,1.0,9.7,25.8,,1.4,0.1,1.5,.108,,3.0,-3.6,-0.7,0.2
99,Jordan Clarkson\clarkjo01,SG,27,UTA,26,672,18.5,.597,.467,.140,2.7,9.1,6.1,11.3,1.2,0.9,7.5,25.1,,1.2,0.7,1.9,.136,,2.7,-1.7,1.0,0.5
100,Nicolas Claxton\claxtni01,PF,20,BRK,14,183,14.5,.570,.152,.413,11.0,13.1,12.1,12.8,0.3,3.6,14.2,14.5,,0.3,0.2,0.5,.122,,-1.5,1.3,-0.3,0.1
101,Chris Clemons\clemoch01,SG,22,HOU,28,246,12.7,.547,.750,.056,1.3,8.6,4.9,13.1,1.1,1.7,11.8,24.1,,0.1,0.2,0.2,.048,,-0.8,-3.7,-4.5,-0.2
102,Antonius Cleveland\clevean01,SG,25,DAL,6,22,3.0,.363,.167,.333,0.0,14.0,7.1,0.0,2.2,3.8,12.7,15.3,,-0.1,0.0,0.0,-0.077,,-10.3,-0.7,-11.0,-0.1
103,Amir Coffey\coffeam01,SG,22,LAC,7,67,7.6,.469,.250,.150,3.1,12.0,7.7,8.2,0.7,1.3,8.6,14.4,,0.0,0.1,0.0,.035,,-4.3,-0.5,-4.8,0.0
104,John Collins\collijo01,PF,22,ATL,32,1035,23.2,.648,.236,.232,8.8,25.7,17.1,7.4,1.0,4.4,9.7,22.8,,2.7,1.0,3.7,.170,,1.7,0.0,1.8,1.0
105,Zach Collins\colliza01,PF,22,POR,3,86,9.0,.624,.368,.316,4.8,9.5,7.2,9.2,0.0,2.0,21.7,13.6,,0.1,0.0,0.1,.045,,-1.9,-1.6,-3.4,0.0
106,Mike Conley\conlemi01,PG,32,UTA,33,927,12.9,.507,.415,.258,2.5,10.1,6.5,22.5,1.2,0.4,12.0,23.6,,0.5,0.9,1.4,.071,,-0.2,-0.8,-1.0,0.2
107,Pat Connaughton\connapa01,SG,27,MIL,52,948,11.0,.547,.511,.113,5.1,17.4,11.7,10.8,0.7,2.6,14.7,11.8,,0.7,1.8,2.5,.124,,-1.8,2.3,0.5,0.6
108,Quinn Cook\cookqu01,PG,26,LAL,34,387,10.8,.521,.375,.056,2.0,8.8,5.5,13.8,1.2,0.2,12.3,20.4,,0.0,0.4,0.4,.046,,-2.5,-2.4,-4.9,-0.3
109,Tyler Cook\cookty01,PF,22,CLE,11,35,24.0,.752,.000,.600,12.5,19.1,15.8,4.5,1.4,0.0,7.3,16.6,,0.2,0.0,0.2,.243,,2.3,-3.4,-1.0,0.0
110,Robert Covington\covinro01,PF,29,TOT,54,1602,13.7,.568,.648,.177,2.8,19.2,10.8,6.1,2.5,3.1,11.5,17.7,,0.8,2.1,2.9,.086,,-0.6,1.3,0.7,1.1
110,Robert Covington\covinro01,PF,29,MIN,48,1411,13.6,.572,.629,.190,2.6,19.3,10.7,5.9,2.6,2.6,12.0,17.8,,0.6,1.8,2.4,.082,,-0.6,1.2,0.6,0.9
110,Robert Covington\covinro01,PF,29,HOU,6,191,14.5,.537,.783,.087,4.4,18.8,11.5,7.3,1.7,6.3,7.7,16.8,,0.2,0.3,0.5,.117,,-0.6,2.1,1.6,0.2
111,Allen Crabbe\crabbal01,SG,27,TOT,37,653,6.0,.470,.672,.079,1.8,11.0,6.3,6.9,1.1,0.5,8.5,12.7,,-0.2,0.2,-0.1,-0.005,,-3.3,-2.0,-5.3,-0.5
111,Allen Crabbe\crabbal01,SG,27,ATL,28,522,7.2,.482,.650,.084,2.0,11.4,6.7,7.3,1.3,0.6,7.5,12.8,,0.0,0.2,0.1,.010,,-2.8,-1.7,-4.4,-0.3
111,Allen Crabbe\crabbal01,SG,27,MIN,9,131,1.1,.416,.765,.059,0.8,9.1,4.8,5.2,0.0,0.0,12.5,12.6,,-0.2,0.0,-0.2,-0.066,,-5.5,-3.1,-8.6,-0.2
112,Torrey Craig\craigto01,SF,29,DEN,44,785,9.9,.547,.522,.172,6.2,14.2,10.2,5.0,0.9,3.3,9.4,11.8,,0.7,0.9,1.5,.092,,-1.5,0.7,-0.8,0.2
113,Jae Crowder\crowdja01,SF,29,TOT,50,1463,12.4,.536,.669,.248,3.3,18.7,11.2,11.7,1.9,1.0,10.4,15.7,,1.1,1.5,2.6,.085,,0.2,0.7,0.9,1.1
113,Jae Crowder\crowdja01,SF,29,MEM,45,1322,11.0,.507,.667,.238,3.3,18.6,11.1,12.1,1.7,0.9,10.9,15.6,,0.5,1.2,1.7,.062,,-0.5,0.6,0.2,0.7
113,Jae Crowder\crowdja01,SF,29,MIA,5,141,25.1,.785,.689,.333,4.2,19.0,11.9,7.8,3.8,2.1,5.5,17.0,,0.6,0.3,0.9,.301,,6.5,1.4,7.9,0.3
114,Jarrett Culver\culveja01,SG,20,MIN,54,1315,9.1,.452,.394,.208,4.6,10.1,7.3,11.3,1.8,2.3,11.9,19.2,,-1.4,1.0,-0.4,-0.013,,-3.4,0.1,-3.4,-0.5
115,Seth Curry\curryse01,SG,29,DAL,53,1269,15.3,.625,.563,.163,2.1,8.2,5.2,12.0,1.2,0.5,9.5,18.4,,2.7,0.7,3.4,.128,,2.3,-2.1,0.3,0.7
116,Stephen Curry\curryst01,PG,31,GSW,4,112,20.3,.548,.561,.273,3.7,15.9,9.6,41.9,2.1,1.6,16.9,33.8,,0.1,0.1,0.2,.067,,4.3,-1.3,2.9,0.1
117,Troy Daniels\danietr01,SG,28,LAL,39,446,9.0,.529,.706,.098,3.0,7.7,5.4,4.1,0.9,0.6,5.3,16.0,,0.3,0.4,0.7,.071,,-0.9,-2.6,-3.5,-0.2
118,Anthony Davis\davisan02,PF,26,LAL,48,1665,28.3,.615,.189,.464,7.2,22.1,14.8,15.2,2.1,6.2,10.4,29.6,,5.6,3.4,9.1,.261,,3.4,3.7,7.1,3.8
119,Ed Davis\davised01,C,30,UTA,25,268,7.3,.425,.000,.324,12.3,25.6,19.3,3.8,1.8,2.8,25.1,8.4,,-0.1,0.5,0.4,.078,,-4.6,3.5,-1.0,0.1
120,Terence Davis\daviste02,SG,22,TOR,57,1003,15.5,.616,.564,.117,4.9,15.9,10.5,14.3,1.5,1.1,13.3,18.5,,1.6,1.6,3.1,.151,,1.3,0.3,1.6,0.9
121,Dewayne Dedmon\dedmode01,C,30,TOT,39,664,9.1,.483,.418,.149,7.9,27.6,17.5,4.1,1.3,5.2,19.0,17.8,,-0.8,0.9,0.1,.005,,-6.0,1.2,-4.8,-0.5
121,Dewayne Dedmon\dedmode01,C,30,SAC,34,541,8.6,.477,.415,.164,9.3,26.1,17.4,4.0,1.4,4.6,20.4,18.5,,-0.8,0.7,-0.1,-0.005,,-5.9,0.8,-5.1,-0.4
121,Dewayne Dedmon\dedmode01,C,30,ATL,5,123,11.2,.509,.432,.081,1.7,34.4,17.9,4.6,1.1,8.1,11.5,14.6,,-0.1,0.2,0.1,.051,,-6.3,2.8,-3.5,0.0
122,Matthew Dellavedova\dellama01,PG,29,CLE,48,581,6.8,.422,.531,.215,2.3,8.1,5.1,27.9,1.3,0.1,23.2,13.6,,-0.2,0.0,-0.2,-0.018,,-4.0,-3.3,-7.3,-0.8
123,DeMar DeRozan\derozde01,SF,30,SAS,54,1842,21.6,.600,.034,.416,2.0,15.7,8.8,24.6,1.4,0.6,11.5,27.1,,4.5,1.0,5.5,.144,,2.2,-1.1,1.1,1.5
124,Cheick Diallo\diallch01,C,23,PHO,39,421,16.9,.702,.016,.287,6.2,23.9,14.8,7.3,1.1,2.3,15.9,16.5,,0.8,0.5,1.3,.143,,-1.8,0.2,-1.6,0.0
125,Hamidou Diallo\diallha01,SF,21,OKC,33,621,8.8,.489,.152,.202,4.6,14.4,9.7,4.9,2.0,0.8,13.3,17.6,,-0.5,0.8,0.3,.020,,-4.6,0.0,-4.6,-0.4
126,Gorgui Dieng\dienggo01,C,30,TOT,49,825,18.1,.570,.430,.206,9.1,25.8,17.2,11.2,2.4,4.3,12.7,18.2,,1.1,1.3,2.4,.137,,-0.2,2.6,2.4,0.9
126,Gorgui Dieng\dienggo01,C,30,MIN,46,778,18.0,.563,.433,.213,9.5,25.5,17.3,11.3,2.2,4.5,12.7,18.4,,1.0,1.2,2.1,.133,,-0.3,2.5,2.2,0.8
126,Gorgui Dieng\dienggo01,C,30,MEM,3,47,20.0,.727,.357,.071,2.3,31.0,16.9,9.1,4.9,1.8,12.2,14.6,,0.1,0.1,0.2,.210,,0.8,3.6,4.4,0.1
127,Spencer Dinwiddie\dinwisp01,SG,26,BRK,55,1719,17.9,.536,.380,.421,1.7,9.7,5.8,35.1,1.0,0.9,12.1,29.5,,2.7,1.6,4.4,.122,,2.3,-1.6,0.7,1.2
128,Donte DiVincenzo\divindo01,SG,23,MIL,51,1162,14.6,.559,.481,.157,4.5,14.9,10.0,12.3,2.9,1.1,12.8,16.9,,1.0,2.6,3.6,.149,,-0.1,2.5,2.4,1.3
129,Luka Dončić\doncilu01,PG,20,DAL,45,1477,29.2,.593,.443,.448,4.5,25.6,15.2,46.2,1.5,0.5,14.7,37.4,,5.5,1.8,7.2,.235,,9.4,1.8,11.2,4.9
130,Luguentz Dort\dortlu01,SG,20,OKC,22,462,8.4,.545,.479,.239,3.0,4.8,3.9,4.8,2.2,0.2,9.1,13.6,,0.2,0.4,0.6,.067,,-1.0,-0.5,-1.5,0.1
131,Damyean Dotson\dotsoda01,SG,25,NYK,46,805,11.1,.533,.564,.116,1.0,10.4,5.5,10.3,1.3,0.5,6.5,16.3,,0.6,0.3,1.0,.058,,-0.8,-2.1,-3.0,-0.2
132,Sekou Doumbouya\doumbse01,SF,19,DET,31,629,6.7,.485,.430,.200,2.8,16.0,9.4,3.2,1.4,0.9,12.8,17.2,,-0.6,0.5,-0.2,-0.014,,-4.8,-1.6,-6.4,-0.7
133,PJ Dozier\doziepj01,PG,23,DEN,16,224,9.5,.462,.310,.131,2.5,12.4,7.4,16.4,1.5,2.0,11.0,19.3,,-0.1,0.2,0.1,.029,,-3.7,-0.6,-4.2,-0.1
134,Goran Dragić\dragigo01,PG,33,MIA,45,1270,16.3,.582,.476,.324,1.8,9.7,6.0,28.4,1.0,0.6,15.6,25.6,,1.7,0.9,2.7,.101,,1.6,-2.6,-1.0,0.3
135,Andre Drummond\drumman01,C,26,TOT,53,1752,21.9,.550,.036,.371,15.4,37.5,26.4,13.8,2.8,4.1,18.8,25.6,,0.6,3.5,4.1,.112,,-1.6,4.4,2.8,2.1
135,Andre Drummond\drumman01,C,26,DET,49,1654,22.2,.550,.031,.376,15.3,37.6,26.4,13.9,2.9,4.1,18.0,25.4,,0.9,3.3,4.2,.121,,-1.3,4.5,3.2,2.2
135,Andre Drummond\drumman01,C,26,CLE,4,98,17.2,.551,.122,.293,17.9,35.3,26.5,11.8,2.5,4.4,30.2,28.8,,-0.2,0.1,-0.1,-0.048,,-5.4,2.2,-3.2,0.0
136,Jared Dudley\dudleja01,SF,34,LAL,37,300,7.5,.593,.688,.042,1.9,12.4,7.3,7.3,1.7,0.9,10.9,7.7,,0.3,0.4,0.6,.103,,-1.5,0.7,-0.9,0.1
137,Kris Dunn\dunnkr01,PG,25,CHI,51,1269,12.1,.510,.327,.158,1.9,14.7,8.0,19.7,3.8,1.3,15.7,14.6,,0.3,2.0,2.3,.087,,-2.2,2.6,0.4,0.8
138,Carsen Edwards\edwarca01,SG,21,BOS,33,296,6.5,.442,.602,.126,1.8,12.9,7.4,10.0,1.6,0.9,12.1,17.8,,-0.3,0.4,0.1,.009,,-3.8,-1.0,-4.8,-0.2
139,Henry Ellenson\ellenhe01,PF,23,BRK,5,15,-1.2,.143,.571,.000,14.1,26.7,20.5,8.8,0.0,0.0,0.0,19.5,,-0.1,0.0,-0.1,-0.176,,-9.8,-2.8,-12.6,0.0
140,Wayne Ellington\ellinwa01,SG,32,NYK,28,429,8.4,.515,.799,.097,0.9,10.8,5.7,9.3,1.2,0.4,9.7,15.3,,0.1,0.2,0.3,.031,,-1.4,-2.3,-3.7,-0.2
141,Joel Embiid\embiijo01,C,25,PHI,41,1258,25.0,.583,.235,.532,9.9,32.8,21.4,17.4,1.3,3.8,13.4,32.2,,2.7,2.5,5.1,.196,,1.6,2.2,3.8,1.9
142,James Ennis\ennisja01,SF,29,TOT,52,827,11.9,.555,.465,.278,7.0,14.0,10.5,7.2,1.3,1.4,10.9,15.8,,0.8,1.0,1.8,.107,,-1.2,-0.4,-1.5,0.1
142,James Ennis\ennisja01,SF,29,PHI,49,776,12.3,.564,.469,.270,6.8,14.3,10.6,7.4,1.4,1.5,10.9,15.8,,0.8,1.0,1.9,.115,,-0.9,-0.1,-1.1,0.2
142,James Ennis\ennisja01,SF,29,ORL,3,51,6.0,.425,.400,.400,10.0,8.7,9.4,2.8,0.0,0.0,10.2,16.7,,0.0,0.0,0.0,-0.015,,-5.1,-3.8,-8.9,-0.1
143,Drew Eubanks\eubandr01,PF,22,SAS,8,42,20.3,.705,.000,.200,15.3,28.1,21.7,7.6,0.0,2.1,23.5,22.0,,0.1,0.0,0.1,.120,,-1.4,-2.4,-3.8,0.0
144,Jacob Evans\evansja02,SG,22,TOT,28,415,5.7,.439,.286,.218,2.2,8.6,5.3,10.9,1.3,2.6,14.6,17.5,,-0.6,0.2,-0.5,-0.054,,-6.3,-1.3,-7.6,-0.6
144,Jacob Evans\evansja02,SG,22,GSW,27,414,5.7,.439,.286,.218,2.3,8.6,5.3,10.9,1.3,2.6,14.6,17.6,,-0.6,0.2,-0.5,-0.054,,-6.3,-1.3,-7.6,-0.6
144,Jacob Evans\evansja02,SG,22,MIN,1,1,0.0,,,,0.0,0.0,0.0,0.0,0.0,0.0,,0.0,,0.0,0.0,0.0,-0.010,,-6.7,-0.2,-6.9,0.0
145,Dante Exum\exumda01,SG,24,TOT,34,479,10.5,.581,.356,.364,2.8,12.4,7.6,11.7,1.3,1.1,18.5,15.0,,0.2,0.2,0.4,.043,,-2.3,-0.9,-3.2,-0.1
145,Dante Exum\exumda01,SG,24,UTA,11,83,4.9,.503,.261,.087,4.1,11.3,7.9,11.8,0.6,2.0,29.5,17.8,,-0.2,0.1,-0.1,-0.049,,-6.4,0.3,-6.1,-0.1
145,Dante Exum\exumda01,SG,24,CLE,23,396,11.7,.597,.379,.432,2.5,12.7,7.5,11.7,1.5,0.9,15.7,14.4,,0.4,0.1,0.5,.063,,-1.5,-1.1,-2.6,-0.1
146,Tacko Fall\fallta01,C,24,BOS,6,24,23.9,.713,.000,.250,0.0,48.8,24.6,0.0,0.0,7.7,18.4,29.0,,0.0,0.1,0.1,.101,,-9.3,-4.4,-13.7,-0.1
147,Derrick Favors\favorde01,C,28,NOP,38,909,19.3,.627,.023,.212,13.8,30.3,22.0,10.7,1.1,3.4,14.5,15.0,,2.0,1.1,3.1,.166,,0.1,2.4,2.5,1.0
148,Cristiano Felício\feliccr01,PF,27,CHI,18,337,12.4,.683,.043,.489,14.7,14.0,14.3,4.9,1.3,0.3,24.0,9.5,,0.6,0.3,0.8,.121,,-1.1,0.0,-1.1,0.1
149,Terrance Ferguson\fergute01,SF,21,OKC,43,1054,4.1,.512,.778,.074,2.3,4.8,3.6,5.0,1.1,1.0,13.4,8.8,,-0.1,0.7,0.7,.030,,-1.6,0.3,-1.3,0.2
150,Bruno Fernando\fernabr01,C,21,ATL,47,569,11.8,.544,.197,.280,11.1,19.0,15.0,10.0,1.2,2.3,18.5,15.8,,0.2,0.4,0.6,.050,,-2.9,-0.1,-2.9,-0.1
151,Yogi Ferrell\ferreyo01,PG,26,SAC,42,467,11.5,.510,.402,.213,1.4,10.0,5.5,17.8,1.5,0.8,11.4,18.9,,0.2,0.3,0.5,.048,,-2.4,-2.1,-4.5,-0.3
152,Dorian Finney-Smith\finnedo01,PF,26,DAL,57,1701,12.1,.587,.585,.209,7.3,12.3,9.8,6.8,1.1,1.6,11.2,12.8,,2.5,1.2,3.8,.107,,1.2,0.4,1.6,1.6
153,Bryn Forbes\forbebr01,SG,26,SAS,56,1413,11.2,.560,.653,.144,0.9,8.0,4.5,10.3,1.1,0.0,7.8,18.4,,1.2,0.2,1.4,.047,,1.1,-3.3,-2.2,-0.1
154,Evan Fournier\fournev01,SG,27,ORL,55,1746,16.4,.595,.463,.240,0.8,8.4,4.4,16.8,1.7,0.5,11.3,24.4,,2.3,1.6,3.9,.108,,2.2,-1.9,0.2,1.0
155,De'Aaron Fox\foxde01,PG,22,SAC,38,1202,19.7,.546,.214,.439,2.4,12.7,7.4,36.5,2.2,1.6,15.4,29.6,,1.4,1.1,2.5,.101,,1.6,0.0,1.6,1.1
156,Melvin Frazier\frazime01,SG,23,ORL,14,48,9.2,.480,.412,.235,2.1,6.9,4.4,3.1,4.1,3.8,9.6,18.8,,-0.1,0.1,0.0,.035,,-4.7,1.3,-3.3,0.0
157,Michael Frazier\frazimi01,SG,25,HOU,8,66,2.4,.513,.727,.545,1.6,3.2,2.4,1.9,1.4,0.0,12.8,9.8,,0.0,0.0,0.0,.017,,-3.8,-2.1,-5.9,-0.1
158,Tim Frazier\fraziti01,PG,29,DET,27,355,9.8,.464,.319,.255,2.8,7.7,5.2,36.3,1.9,0.9,25.6,17.2,,-0.1,0.2,0.1,.019,,-3.9,-2.6,-6.5,-0.4
159,Markelle Fultz\fultzma01,PG,21,ORL,55,1548,14.4,.522,.177,.208,1.6,11.7,6.5,28.8,2.3,0.5,15.1,20.8,,0.5,1.8,2.3,.071,,-1.5,-0.1,-1.6,0.2
160,Wenyen Gabriel\gabriwe01,PF,22,TOT,20,145,7.0,.461,.382,.412,8.0,11.1,9.6,3.7,1.7,3.1,16.6,14.3,,-0.1,0.1,0.0,.004,,-4.4,-0.3,-4.7,-0.1
160,Wenyen Gabriel\gabriwe01,PF,22,SAC,11,61,7.6,.444,.471,.588,7.1,11.5,9.2,6.7,2.4,3.1,18.9,18.9,,-0.1,0.1,0.0,-0.028,,-5.3,0.2,-5.1,0.0
160,Wenyen Gabriel\gabriwe01,PF,22,POR,9,84,6.6,.480,.294,.235,8.7,10.9,9.8,1.5,1.1,3.0,13.8,11.0,,0.0,0.0,0.0,.028,,-3.7,-0.7,-4.5,-0.1
161,Daniel Gafford\gaffoda01,C,21,CHI,36,483,16.5,.666,.000,.432,9.4,10.9,10.1,5.1,1.2,9.0,14.8,13.7,,0.8,0.7,1.5,.146,,-2.0,3.9,1.9,0.5
162,Danilo Gallinari\gallida01,PF,31,OKC,49,1501,19.6,.614,.540,.359,2.4,17.3,10.1,11.4,1.1,0.2,8.1,24.3,,3.8,1.5,5.3,.170,,3.4,-1.7,1.7,1.4
163,Langston Galloway\gallola01,SG,28,DET,59,1528,12.3,.588,.618,.172,2.1,7.6,4.8,9.0,1.3,0.5,6.7,15.6,,2.3,0.6,2.9,.091,,1.1,-1.8,-0.7,0.5
164,Darius Garland\garlada01,PG,20,CLE,55,1685,8.5,.499,.436,.108,1.6,5.2,3.3,18.7,1.2,0.1,17.5,20.8,,-1.2,-0.1,-1.3,-0.037,,-2.4,-3.4,-5.8,-1.6
165,Marc Gasol\gasolma01,C,35,TOR,35,974,12.1,.551,.537,.156,3.2,20.7,12.2,16.8,1.4,3.3,14.8,12.7,,0.9,1.8,2.7,.134,,-1.0,3.6,2.6,1.1
166,Rudy Gay\gayru01,PF,33,SAS,53,1105,14.2,.542,.371,.243,4.6,22.6,13.6,11.6,1.0,1.8,12.9,20.9,,0.5,0.8,1.2,.054,,-1.4,-0.9,-2.3,-0.1
167,Paul George\georgpa01,SF,29,LAC,34,1001,20.3,.578,.495,.277,1.6,19.3,10.6,21.5,2.1,1.6,13.8,30.6,,1.3,1.6,2.9,.140,,2.8,0.8,3.5,1.4
168,Taj Gibson\gibsota01,C,34,NYK,53,872,15.4,.596,.046,.183,10.9,16.9,13.8,8.2,1.3,2.6,13.4,14.5,,1.3,0.7,2.0,.112,,-1.0,0.7,-0.2,0.4
169,Harry Giles\gilesha01,PF,21,SAC,30,406,15.3,.569,.000,.191,7.0,24.7,15.5,14.6,1.7,2.8,15.5,19.4,,0.4,0.5,0.9,.101,,-2.8,1.6,-1.2,0.1
170,Shai Gilgeous-Alexander\gilgesh01,SG,21,OKC,57,2025,17.6,.559,.235,.338,2.4,16.5,9.7,14.7,1.5,1.6,9.8,23.8,,2.6,2.4,5.0,.119,,0.0,0.6,0.6,1.3
171,Rudy Gobert\goberru01,C,27,UTA,54,1869,22.1,.690,.000,.701,11.9,32.4,22.6,6.5,0.9,4.6,15.0,16.7,,5.3,3.6,8.9,.228,,0.9,3.8,4.8,3.2
172,Brandon Goodwin\goodwbr01,PG,24,ATL,28,367,11.4,.493,.467,.156,2.9,15.9,9.4,17.8,1.4,0.9,12.3,23.0,,-0.1,0.2,0.0,.005,,-2.4,-2.3,-4.7,-0.3
173,Aaron Gordon\gordoaa01,PF,24,ORL,50,1615,14.1,.501,.315,.271,5.5,19.5,12.2,15.8,1.2,1.4,10.0,21.0,,0.5,1.9,2.4,.072,,-1.2,0.7,-0.5,0.6
174,Eric Gordon\gordoer01,SG,31,HOU,29,847,11.0,.517,.657,.234,0.9,6.5,3.6,7.6,1.0,1.1,6.6,22.1,,0.3,0.5,0.8,.045,,-1.0,-3.3,-4.3,-0.5
175,Devonte' Graham\grahade01,PG,24,CHO,56,1961,15.4,.528,.613,.243,2.2,9.1,5.5,35.8,1.3,0.7,14.9,24.5,,1.9,0.7,2.7,.066,,2.4,-2.8,-0.4,0.8
176,Treveon Graham\grahatr01,SG,26,TOT,46,803,6.0,.446,.498,.227,4.7,11.9,8.2,5.6,1.2,0.5,9.2,12.9,,-0.3,0.4,0.1,.005,,-3.7,-1.2,-4.9,-0.6
176,Treveon Graham\grahatr01,SG,26,MIN,33,663,6.1,.447,.474,.211,4.4,11.6,7.9,6.2,1.2,0.2,9.0,13.1,,-0.2,0.3,0.1,.006,,-3.6,-1.1,-4.7,-0.4
176,Treveon Graham\grahatr01,SG,26,ATL,13,140,5.8,.440,.625,.313,6.1,13.2,9.6,2.8,1.3,1.8,9.9,12.0,,-0.1,0.1,0.0,-0.002,,-4.3,-1.6,-5.9,-0.1
177,Jerami Grant\grantje01,PF,25,DEN,56,1465,13.7,.576,.398,.306,3.6,11.4,7.5,6.1,1.2,3.0,7.8,17.5,,1.9,1.5,3.4,.112,,-0.3,0.0,-0.3,0.6
178,Josh Gray\grayjo01,PG,26,NOP,2,23,-5.0,.500,.000,.000,4.5,4.6,4.6,10.4,0.0,0.0,71.4,12.5,,-0.1,0.0,-0.1,-0.228,,-11.3,-1.7,-13.0,-0.1
179,Danny Green\greenda02,SG,32,LAL,54,1347,11.3,.564,.701,.115,3.2,11.6,7.5,6.9,2.4,1.8,10.6,14.2,,1.0,2.0,3.0,.106,,0.4,1.3,1.7,1.3
180,Draymond Green\greendr01,PF,29,GSW,42,1212,12.7,.488,.410,.263,2.0,22.3,11.7,31.1,2.3,2.4,21.3,15.7,,-0.1,1.3,1.1,.045,,-2.6,1.8,-0.8,0.4
181,JaMychal Green\greenja01,PF,29,LAC,47,971,10.3,.539,.676,.162,7.1,23.9,15.7,4.6,1.1,1.5,12.6,13.5,,0.5,1.5,2.0,.099,,-1.4,0.6,-0.8,0.3
182,Javonte Green\greenja02,SF,26,BOS,41,375,13.0,.569,.245,.383,4.6,15.0,9.9,7.7,2.8,1.2,12.7,14.3,,0.3,0.6,1.0,.122,,-1.8,1.3,-0.4,0.1
183,Jeff Green\greenje02,PF,33,TOT,32,591,10.5,.542,.539,.319,2.9,12.9,8.1,5.3,1.1,1.4,12.1,19.5,,0.0,0.6,0.7,.056,,-2.0,-0.8,-2.8,-0.1
183,Jeff Green\greenje02,PF,33,UTA,30,553,10.1,.523,.533,.323,2.9,12.6,8.0,5.2,1.1,1.5,10.8,19.7,,0.0,0.6,0.6,.053,,-2.1,-0.7,-2.9,-0.1
183,Jeff Green\greenje02,PF,33,HOU,2,38,15.7,.962,.667,.222,2.7,16.6,9.6,7.8,1.2,0.0,33.6,16.1,,0.1,0.0,0.1,.104,,0.4,-2.1,-1.7,0.0
184,Blake Griffin\griffbl01,PF,30,DET,18,512,12.0,.476,.444,.392,3.7,14.8,9.2,17.8,0.7,1.1,12.0,28.3,,-0.3,0.3,-0.1,-0.007,,-2.1,-2.4,-4.5,-0.3
185,Marko Guduric\gudurma01,SG,24,MEM,35,444,7.7,.496,.511,.163,2.9,12.2,7.6,12.0,1.2,1.4,18.4,17.4,,-0.4,0.3,-0.1,-0.009,,-3.7,-1.0,-4.7,-0.3
186,Kyle Guy\guyky01,SG,22,SAC,2,4,9.9,.500,.500,.000,0.0,0.0,0.0,0.0,0.0,0.0,0.0,21.8,,0.0,0.0,0.0,-0.022,,-3.4,-7.5,-10.9,0.0
187,Rui Hachimura\hachiru01,PF,21,WAS,32,923,14.6,.543,.157,.194,5.6,17.7,11.4,8.4,1.3,0.5,7.1,19.7,,1.0,0.2,1.3,.066,,-1.1,-2.1,-3.2,-0.3
188,Devon Hall\hallde01,SG,24,OKC,5,20,3.6,.370,.400,.800,0.0,5.3,2.8,19.1,0.0,0.0,12.9,17.1,,0.0,0.0,0.0,-0.060,,-6.9,-4.6,-11.5,0.0
189,Tim Hardaway\hardati02,SG,27,DAL,54,1492,15.2,.581,.577,.188,1.5,9.9,5.8,10.8,1.0,0.2,6.8,21.6,,2.7,0.8,3.5,.113,,2.1,-2.8,-0.7,0.5
190,James Harden\hardeja01,SG,30,HOU,53,1958,29.3,.622,.554,.520,3.0,15.3,9.1,34.4,2.1,2.3,13.4,36.5,,8.4,2.3,10.7,.263,,9.3,0.2,9.5,5.7
191,Maurice Harkless\harklma01,SF,26,TOT,52,1183,9.5,.579,.342,.187,4.3,13.7,9.0,5.5,2.0,2.2,16.2,10.2,,0.5,1.7,2.2,.090,,-1.8,2.8,1.0,0.9
191,Maurice Harkless\harklma01,SF,26,LAC,50,1141,9.6,.584,.336,.194,4.3,13.5,9.0,5.5,2.0,2.3,16.3,10.2,,0.5,1.7,2.2,.093,,-1.6,2.9,1.2,0.9
191,Maurice Harkless\harklma01,SF,26,NYK,2,42,5.8,.438,.500,.000,2.4,18.3,10.1,6.4,1.2,0.0,11.1,9.1,,0.0,0.0,0.0,.009,,-5.0,-0.7,-5.7,0.0
192,Jared Harper\harpeja01,PG,22,PHO,3,8,-5.3,.250,.500,.000,0.0,0.0,0.0,0.0,0.0,0.0,0.0,21.2,,0.0,0.0,0.0,-0.249,,-11.5,-6.9,-18.4,0.0
193,Montrezl Harrell\harremo01,C,26,LAC,55,1561,22.7,.599,.022,.408,10.1,15.6,12.9,10.6,1.1,3.5,10.2,25.4,,3.7,2.2,5.9,.181,,1.1,1.2,2.2,1.7
194,Gary Harris\harriga01,SG,25,DEN,48,1537,9.0,.497,.416,.179,1.6,8.5,5.0,8.9,2.0,0.6,9.2,15.3,,0.1,1.5,1.6,.049,,-1.8,0.0,-1.8,0.1
195,Joe Harris\harrijo01,SF,28,BRK,54,1692,12.6,.591,.536,.122,3.0,10.8,7.0,10.3,1.0,0.7,10.8,17.4,,1.9,1.6,3.5,.099,,0.5,-0.4,0.2,0.9
196,Tobias Harris\harrito02,PF,27,PHI,57,1962,16.2,.556,.308,.190,2.3,19.2,10.8,14.1,1.0,1.3,8.1,23.2,,2.3,2.5,4.9,.119,,0.1,0.0,0.1,1.0
197,Shaquille Harrison\harrish01,SF,26,CHI,36,305,16.0,.526,.232,.330,4.1,16.2,9.9,17.2,3.0,2.8,10.5,20.0,,0.3,0.5,0.7,.116,,-2.1,1.4,-0.7,0.1
198,Josh Hart\hartjo01,SF,24,NOP,50,1406,12.1,.570,.678,.199,3.6,21.3,12.4,7.5,1.7,1.2,10.9,15.2,,1.2,1.4,2.6,.088,,-0.1,0.3,0.2,0.8
199,Isaiah Hartenstein\harteis01,C,21,HOU,23,266,18.8,.674,.075,.418,11.3,24.2,17.7,9.8,1.6,3.9,16.8,14.8,,0.7,0.4,1.1,.192,,-0.8,2.0,1.2,0.2
200,Udonis Haslem\hasleud01,PF,39,MIA,3,21,3.1,.322,.333,.667,0.0,40.9,21.3,6.2,0.0,0.0,0.0,16.3,,0.0,0.0,0.0,-0.029,,-10.4,-2.6,-12.9,-0.1
201,Jaxson Hayes\hayesja02,C,19,NOP,54,937,18.1,.677,.017,.749,9.1,15.8,12.5,7.6,1.1,4.6,11.5,15.2,,2.6,0.9,3.5,.178,,0.4,1.5,1.8,0.9
202,Gordon Hayward\haywago01,SF,29,BOS,39,1304,18.5,.596,.308,.184,3.4,18.0,10.8,19.6,1.1,1.2,10.8,20.9,,2.8,1.7,4.5,.166,,2.2,0.7,2.9,1.6
203,John Henson\hensojo01,PF,29,TOT,34,490,17.9,.567,.227,.255,9.2,22.1,15.6,14.2,1.9,6.8,14.7,16.0,,0.6,0.6,1.2,.119,,-0.9,3.6,2.7,0.6
203,John Henson\hensojo01,PF,29,CLE,29,412,17.0,.539,.258,.275,8.5,22.2,15.3,15.3,1.9,6.6,13.5,16.1,,0.4,0.5,0.9,.107,,-1.1,3.5,2.4,0.5
203,John Henson\hensojo01,PF,29,DET,5,78,22.6,.739,.048,.143,12.9,21.8,17.3,8.2,1.9,7.5,21.2,15.8,,0.2,0.1,0.3,.183,,0.1,3.8,3.9,0.1
204,Dewan Hernandez\hernade01,C,23,TOR,4,11,4.2,.340,.200,.400,19.7,46.6,33.5,0.0,4.3,0.0,14.5,26.8,,0.0,0.0,0.0,.009,,-13.9,-6.1,-20.0,0.0
205,Juan Hernangómez\hernaju01,PF,24,TOT,39,565,8.7,.478,.506,.280,6.5,17.2,11.8,6.1,0.7,1.1,10.2,15.5,,0.0,0.5,0.4,.037,,-3.2,-1.4,-4.7,-0.4
205,Juan Hernangómez\hernaju01,PF,24,DEN,34,422,6.9,.442,.545,.227,6.3,18.6,12.4,6.8,0.6,1.1,12.9,14.3,,-0.2,0.4,0.2,.017,,-4.1,-1.0,-5.1,-0.3
205,Juan Hernangómez\hernaju01,PF,24,MIN,5,143,13.8,.546,.426,.389,7.1,12.9,9.9,4.2,1.0,1.2,4.5,19.1,,0.2,0.1,0.3,.096,,-0.6,-2.7,-3.3,0.0
206,Willy Hernangómez\hernawi01,C,25,CHO,24,254,18.0,.565,.198,.455,12.4,24.9,18.4,11.2,1.2,1.8,15.4,24.7,,0.2,0.2,0.4,.078,,-1.9,-1.3,-3.2,-0.1
207,Tyler Herro\herroty01,SG,20,MIA,46,1273,11.5,.535,.476,.149,1.3,14.5,8.2,11.1,1.1,0.5,11.3,22.0,,-0.1,1.1,1.0,.038,,-1.8,-1.7,-3.6,-0.5
208,Kevin Hervey\herveke01,PF,23,OKC,6,13,-12.5,.000,.800,.000,0.0,16.4,8.5,9.2,0.0,0.0,0.0,17.0,,-0.1,0.0,-0.1,-0.357,,-13.9,-3.2,-17.1,0.0
209,Mario Hezonja\hezonma01,PF,24,POR,40,645,8.1,.493,.340,.314,3.7,18.6,11.2,6.2,1.8,0.8,14.0,13.6,,-0.1,0.5,0.4,.029,,-3.5,-0.1,-3.7,-0.3
210,Buddy Hield\hieldbu01,SG,27,SAC,56,1847,16.1,.563,.574,.129,3.1,14.0,8.4,16.0,1.3,0.8,11.9,26.8,,1.5,1.2,2.7,.071,,2.2,-1.8,0.4,1.1
211,George Hill\hillge01,PG,33,MIL,46,969,17.8,.680,.455,.238,4.4,9.2,7.0,18.6,1.6,0.4,11.6,15.4,,3.0,1.6,4.6,.227,,3.1,0.2,3.2,1.3
212,Solomon Hill\hillso01,SF,28,TOT,50,923,10.1,.543,.629,.158,3.1,13.6,8.4,12.9,1.7,0.7,13.8,13.5,,0.5,0.7,1.2,.063,,-0.9,-0.2,-1.1,0.2
212,Solomon Hill\hillso01,SF,28,MEM,48,901,10.2,.549,.631,.163,2.9,13.9,8.5,13.2,1.6,0.7,13.8,13.4,,0.5,0.7,1.2,.066,,-0.8,-0.1,-0.9,0.3
212,Solomon Hill\hillso01,SF,28,MIA,2,22,5.3,.357,.571,.000,10.7,4.9,7.6,0.0,4.4,0.0,12.5,16.0,,0.0,0.0,0.0,-0.033,,-5.4,-2.1,-7.5,0.0
213,Jaylen Hoard\hoardja01,SF,20,POR,13,103,14.9,.504,.094,.406,14.1,17.8,16.0,5.4,2.3,0.0,9.6,17.2,,0.1,0.1,0.2,.096,,-1.7,-1.6,-3.4,0.0
214,Aaron Holiday\holidaa01,PG,23,IND,50,1149,12.7,.525,.411,.129,1.8,8.9,5.4,21.4,1.5,0.8,12.2,20.6,,0.5,1.0,1.6,.065,,-0.4,-1.4,-1.8,0.1
215,Jrue Holiday\holidjr01,SG,29,NOP,48,1663,17.3,.527,.340,.176,3.7,10.6,7.1,29.8,2.3,2.0,14.0,25.3,,1.5,1.5,3.0,.086,,1.3,0.2,1.6,1.5
216,Justin Holiday\holidju01,SG,30,IND,57,1447,12.4,.592,.670,.144,2.2,12.1,7.2,7.6,2.0,2.3,7.4,13.1,,1.6,1.8,3.4,.113,,0.9,1.4,2.2,1.5
217,Rondae Hollis-Jefferson\holliro01,SF,25,TOR,45,885,16.1,.544,.064,.462,10.9,15.1,13.0,13.0,2.3,2.0,12.6,17.7,,1.4,1.6,3.0,.162,,-0.9,2.5,1.6,0.8
218,Richaun Holmes\holmeri01,C,26,SAC,37,1087,20.8,.692,.000,.301,11.3,21.5,16.3,5.3,1.8,4.6,11.6,15.9,,3.2,1.4,4.6,.203,,1.1,2.4,3.6,1.5
219,Rodney Hood\hoodro01,SF,27,POR,21,619,12.2,.625,.413,.157,1.7,10.2,6.0,7.1,1.3,0.5,9.4,13.9,,0.9,0.2,1.1,.088,,0.6,-1.2,-0.6,0.2
220,Al Horford\horfoal01,C,33,PHI,52,1586,15.0,.515,.403,.104,5.4,18.4,11.9,18.2,1.4,2.5,8.1,17.5,,1.8,2.3,4.1,.125,,0.2,1.9,2.2,1.7
221,Talen Horton-Tucker\hortota01,SG,19,LAL,2,5,14.9,.000,1.000,.000,0.0,0.0,0.0,44.8,9.5,0.0,0.0,8.5,,0.0,0.0,0.0,.109,,-5.6,-3.8,-9.4,0.0
222,Danuel House\houseda01,SF,26,HOU,50,1530,11.5,.574,.652,.180,3.6,11.7,7.6,5.6,1.7,1.5,8.6,13.4,,1.7,1.4,3.1,.099,,-0.1,0.2,0.0,0.8
223,Dwight Howard\howardw01,C,34,LAL,55,1080,19.0,.693,.021,.688,15.2,27.7,21.6,4.4,1.0,5.8,17.8,14.7,,2.4,2.1,4.4,.197,,-0.3,2.6,2.3,1.2
224,William Howard\howarwi01,SG,26,HOU,2,13,-12.7,.000,1.000,.000,0.0,16.2,8.1,9.0,0.0,0.0,20.0,15.8,,-0.1,0.0,-0.1,-0.353,,-14.6,-2.9,-17.5,-0.1
225,Kevin Huerter\huertke01,SG,21,ATL,47,1443,11.3,.537,.549,.112,2.1,12.5,7.2,16.4,1.3,1.2,12.6,17.6,,0.6,0.5,1.1,.036,,-0.6,-1.2,-1.7,0.1
226,De'Andre Hunter\huntede01,SF,22,ATL,54,1704,8.7,.520,.434,.197,1.9,11.8,6.8,8.4,1.1,0.7,11.9,17.7,,-0.4,0.5,0.0,.001,,-2.5,-1.7,-4.2,-0.9
227,Chandler Hutchison\hutchch01,SF,23,CHI,28,527,12.4,.521,.217,.446,3.6,19.6,11.2,7.5,2.5,1.3,11.4,19.1,,0.0,0.7,0.7,.062,,-4.1,0.4,-3.7,-0.2
228,Serge Ibaka\ibakase01,C,30,TOR,46,1246,18.6,.600,.249,.191,8.3,22.8,15.8,8.1,0.9,3.0,12.8,24.3,,1.5,2.2,3.8,.145,,-0.6,0.6,0.0,0.6
229,Andre Iguodala\iguodan01,SG,36,MIA,5,105,9.6,.554,.632,.211,8.9,16.3,12.8,10.4,0.9,2.8,19.4,10.8,,0.1,0.1,0.2,.086,,-1.3,1.1,-0.3,0.0
230,Ersan İlyasova\ilyaser01,PF,32,MIL,51,823,16.1,.591,.418,.259,7.2,22.2,15.2,7.3,1.2,1.5,8.5,17.2,,1.5,1.7,3.2,.188,,-0.3,0.7,0.3,0.5
231,Joe Ingles\inglejo01,SF,32,UTA,56,1688,12.3,.576,.621,.162,1.4,12.6,7.2,23.9,1.4,0.3,18.1,15.3,,2.0,1.8,3.8,.109,,1.0,0.5,1.5,1.5
232,Brandon Ingram\ingrabr01,PF,22,NOP,49,1662,20.3,.598,.351,.342,2.6,17.0,9.8,20.1,1.3,1.7,12.8,28.4,,3.4,1.3,4.7,.136,,2.6,-0.6,2.0,1.7
233,Kyrie Irving\irvinky01,PG,27,BRK,20,658,26.4,.595,.341,.245,3.5,12.3,8.0,37.4,1.9,1.2,10.1,32.6,,2.2,0.9,3.0,.221,,7.4,0.1,7.5,1.6
234,Jonathan Isaac\isaacjo01,SF,22,ORL,32,949,17.1,.542,.283,.227,6.1,19.3,12.4,7.3,2.6,7.4,11.7,18.4,,0.4,1.9,2.3,.118,,-2.1,4.9,2.8,1.2
235,Wesley Iwundu\iwundwe01,SF,25,ORL,41,749,9.7,.507,.348,.371,3.0,12.4,7.5,8.3,1.6,1.2,7.6,13.0,,0.4,0.8,1.2,.078,,-3.1,0.4,-2.7,-0.1
236,Frank Jackson\jacksfr01,PG,21,NOP,45,583,8.5,.518,.467,.253,2.7,7.5,5.1,8.8,1.2,0.6,13.5,20.3,,-0.2,0.2,0.1,.004,,-3.0,-2.9,-5.9,-0.6
237,Jaren Jackson\jacksja02,C,20,MEM,54,1512,16.2,.590,.485,.237,3.8,13.8,8.9,7.4,1.1,4.9,10.8,23.9,,1.5,1.5,3.0,.096,,0.8,0.1,0.8,1.1
238,Josh Jackson\jacksjo02,SG,22,MEM,9,164,11.5,.545,.407,.305,3.9,18.4,11.3,8.4,2.0,1.0,16.3,20.3,,-0.1,0.2,0.1,.035,,-2.9,-0.6,-3.5,-0.1
239,Justin Jackson\jacksju01,PF,24,DAL,51,820,9.6,.497,.482,.142,3.0,13.0,8.1,5.7,0.6,0.6,3.5,16.2,,0.5,0.4,1.0,.056,,-2.0,-2.3,-4.3,-0.5
240,Reggie Jackson\jacksre01,PG,29,TOT,15,404,14.2,.490,.425,.159,3.0,8.9,6.0,30.2,1.0,0.2,10.1,26.5,,0.2,0.1,0.4,.047,,0.7,-3.4,-2.7,-0.1
240,Reggie Jackson\jacksre01,PG,29,DET,14,381,14.8,.492,.414,.167,3.2,8.9,6.1,30.6,1.0,0.2,9.8,26.9,,0.3,0.1,0.4,.052,,1.0,-3.4,-2.4,0.0
240,Reggie Jackson\jacksre01,PG,29,LAC,1,23,4.0,.444,.667,.000,0.0,8.8,4.5,23.8,0.0,0.0,18.2,19.8,,0.0,0.0,0.0,-0.036,,-4.3,-4.1,-8.4,0.0
241,Justin James\jamesju01,SG,23,SAC,32,216,11.7,.487,.333,.269,3.0,12.9,7.8,11.0,1.4,4.0,8.4,19.2,,0.0,0.2,0.2,.037,,-3.7,-0.2,-3.8,-0.1
242,LeBron James\jamesle01,PG,35,LAL,53,1850,25.5,.573,.319,.289,3.1,20.7,12.1,49.6,1.7,1.1,15.2,31.4,,5.3,2.8,8.0,.209,,6.3,2.0,8.3,4.8
243,Amile Jefferson\jeffeam01,PF,26,ORL,18,74,9.0,.372,.000,1.000,13.8,19.5,16.5,7.4,0.7,3.7,13.0,13.6,,-0.1,0.1,0.0,.026,,-6.5,1.2,-5.3,-0.1
244,DaQuan Jeffries\jeffrda01,SG,22,SAC,6,19,10.7,.500,.571,.000,5.7,0.0,3.0,7.8,2.6,0.0,0.0,16.0,,0.0,0.0,0.0,.081,,0.2,-2.9,-2.7,0.0
245,Ty Jerome\jeromty01,PG,22,PHO,23,268,8.9,.444,.430,.151,2.4,13.1,7.6,20.2,2.5,1.0,15.4,18.5,,-0.3,0.3,0.0,.004,,-3.9,-0.2,-4.0,-0.1
246,Alize Johnson\johnsal02,SF,23,IND,12,50,12.5,.510,.000,.400,15.5,22.1,18.8,5.5,0.0,0.0,10.2,17.3,,0.1,0.0,0.1,.097,,-3.4,-2.9,-6.3,-0.1
247,B.J. Johnson\johnsbj01,SF,24,ORL,8,46,2.6,.344,.333,.111,2.2,12.1,6.9,6.3,2.1,0.0,13.7,20.7,,-0.2,0.0,-0.1,-0.130,,-9.6,-1.9,-11.5,-0.1
248,Cameron Johnson\johnsca02,PF,23,PHO,44,870,12.0,.567,.694,.148,4.6,11.3,7.9,7.6,1.4,1.3,8.2,16.1,,0.9,0.7,1.5,.084,,0.5,-1.0,-0.5,0.3
249,James Johnson\johnsja01,PF,32,TOT,23,409,12.2,.541,.488,.202,3.5,17.1,10.5,14.0,1.7,4.8,16.1,17.6,,0.0,0.6,0.6,.070,,-2.3,1.9,-0.4,0.2
249,James Johnson\johnsja01,PF,32,MIA,18,281,11.2,.547,.517,.161,3.3,16.8,10.4,11.1,1.0,4.6,13.9,16.9,,0.0,0.4,0.4,.069,,-2.4,1.1,-1.3,0.0
249,James Johnson\johnsja01,PF,32,MIN,5,128,14.4,.529,.429,.286,4.0,17.8,10.7,20.5,3.3,5.2,20.2,19.1,,0.0,0.2,0.2,.072,,-2.1,3.8,1.6,0.1
250,Keldon Johnson\johnske04,SF,20,SAS,5,25,11.1,.409,.067,.133,8.6,17.2,12.8,19.1,0.0,0.0,5.9,29.2,,0.0,0.0,0.0,-0.068,,-4.9,-4.4,-9.3,0.0
251,Stanley Johnson\johnsst04,PF,23,TOR,19,95,3.6,.352,.433,.200,3.4,20.5,12.2,11.0,2.0,2.0,19.7,18.3,,-0.3,0.2,-0.1,-0.054,,-8.5,1.5,-7.0,-0.1
252,Tyler Johnson\johnsty01,SG,27,PHO,31,515,8.1,.481,.485,.187,2.1,9.2,5.6,13.5,1.1,1.4,11.5,17.2,,-0.2,0.3,0.1,.013,,-3.1,-1.4,-4.5,-0.3
253,Nikola Jokić\jokicni01,C,24,DEN,57,1854,25.7,.605,.239,.274,8.1,26.3,17.2,34.5,1.8,2.0,14.7,27.0,,5.7,2.9,8.6,.223,,5.6,3.0,8.7,5.0
254,Damian Jones\jonesda03,C,24,ATL,51,850,15.9,.718,.047,.488,8.9,15.7,12.3,5.4,1.4,3.7,11.8,11.6,,2.2,0.6,2.8,.156,,-0.2,0.8,0.6,0.6
255,Derrick Jones\jonesde02,SF,22,MIA,42,1028,14.1,.598,.394,.367,4.9,13.8,9.5,5.9,2.1,2.7,7.5,14.2,,1.6,1.4,3.0,.139,,-0.1,1.2,1.2,0.8
256,Tyus Jones\jonesty01,PG,23,MEM,56,1054,15.9,.542,.261,.124,0.8,8.0,4.5,32.7,2.1,0.5,11.6,16.4,,1.8,0.7,2.6,.116,,-0.2,-2.2,-2.3,-0.1
257,DeAndre Jordan\jordade01,C,31,BRK,47,1015,20.5,.687,.000,.417,12.1,34.3,23.5,13.8,0.7,3.7,18.9,14.4,,2.5,2.0,4.5,.212,,-0.5,3.8,3.4,1.4
258,Cory Joseph\josepco01,PG,28,SAC,56,1376,9.7,.501,.363,.150,2.6,9.7,6.0,18.6,1.3,1.2,14.3,13.1,,0.7,0.8,1.6,.054,,-2.1,-0.3,-2.4,-0.1
259,Mfiondu Kabengele\kabenmf01,C,22,LAC,12,64,18.2,.614,.625,.156,1.6,15.7,8.8,4.9,1.5,2.7,5.5,23.4,,0.1,0.1,0.2,.174,,1.4,-2.0,-0.6,0.0
260,Frank Kaminsky\kaminfr01,C,26,PHO,32,718,14.6,.554,.401,.315,4.5,20.2,12.2,14.8,0.9,1.2,9.4,20.7,,0.8,0.6,1.4,.096,,-0.2,-0.7,-0.9,0.2
261,Enes Kanter\kanteen01,C,27,BOS,44,797,22.4,.603,.025,.282,17.0,30.6,23.8,8.3,1.0,4.0,12.8,19.6,,2.0,1.5,3.5,.213,,0.1,1.7,1.8,0.8
262,Luke Kennard\kennalu01,SG,23,DET,28,922,14.4,.589,.535,.219,1.1,10.9,6.0,19.1,0.6,0.5,10.3,19.7,,1.7,0.3,2.0,.103,,1.8,-2.4,-0.6,0.3
263,Stanton Kidd\kiddst01,SF,27,UTA,4,15,-13.7,.000,.333,.000,0.0,20.8,10.9,8.0,0.0,0.0,40.0,14.6,,-0.1,0.0,-0.1,-0.322,,-16.4,0.5,-15.9,-0.1
264,Michael Kidd-Gilchrist\kiddgmi01,PF-SF,26,TOT,14,169,5.1,.414,.315,.167,6.2,17.4,11.6,9.0,0.0,1.6,12.1,17.1,,-0.2,0.1,-0.1,-0.039,,-6.3,-2.0,-8.3,-0.3
264,Michael Kidd-Gilchrist\kiddgmi01,PF,26,CHO,12,160,6.1,.421,.321,.170,5.9,18.4,11.9,9.5,0.0,1.7,10.9,17.5,,-0.2,0.1,-0.1,-0.030,,-6.0,-2.0,-8.0,-0.2
264,Michael Kidd-Gilchrist\kiddgmi01,SF,26,DAL,2,9,-12.9,.000,.000,.000,11.9,0.0,5.8,0.0,0.0,0.0,50.0,9.5,,0.0,0.0,0.0,-0.204,,-10.9,-2.3,-13.2,0.0
265,Louis King\kinglo02,SF,20,DET,10,62,6.3,.448,.524,.143,1.8,16.5,9.1,11.7,1.6,0.0,8.2,17.1,,0.0,0.0,0.0,-0.003,,-3.8,-2.0,-5.8,-0.1
266,Maxi Kleber\klebima01,C,28,DAL,56,1400,14.5,.615,.608,.182,6.9,15.0,11.0,5.7,0.5,3.9,8.7,14.1,,2.8,1.2,4.0,.137,,1.3,0.5,1.8,1.4
267,Brandon Knight\knighbr03,PG,28,TOT,19,286,5.2,.447,.772,.168,1.2,7.8,4.5,17.6,1.0,0.6,17.5,19.7,,-0.4,0.0,-0.4,-0.068,,-3.4,-3.8,-7.2,-0.4
267,Brandon Knight\knighbr03,PG,28,CLE,16,241,5.5,.431,.744,.151,1.4,7.9,4.6,18.0,1.0,0.7,14.9,19.0,,-0.3,0.0,-0.3,-0.063,,-3.2,-3.7,-6.9,-0.3
267,Brandon Knight\knighbr03,PG,28,DET,3,45,3.7,.537,.933,.267,0.0,7.6,3.8,15.7,1.1,0.0,29.5,23.0,,-0.1,0.0,-0.1,-0.096,,-4.6,-4.3,-8.9,-0.1
268,Kevin Knox\knoxke01,SF,20,NYK,55,1005,8.8,.481,.510,.255,2.0,14.9,8.2,7.7,1.0,2.1,8.8,17.7,,-0.3,0.6,0.3,.016,,-3.1,-1.1,-4.2,-0.6
269,John Konchar\konchjo01,SG,23,MEM,6,34,8.5,.643,.400,.200,0.0,6.1,3.1,10.9,0.0,0.0,0.0,6.7,,0.1,0.0,0.1,.087,,-2.0,-3.0,-5.0,0.0
270,Furkan Korkmaz\korkmfu01,SG,22,PHI,56,1194,11.9,.571,.611,.116,1.5,10.2,5.9,6.6,1.2,1.0,7.7,18.4,,0.9,1.3,2.2,.088,,-0.2,-1.6,-1.8,0.0
271,Luke Kornet\kornelu01,C,24,CHI,36,559,12.7,.539,.578,.150,4.1,12.7,8.2,8.6,0.9,4.4,6.6,16.3,,0.5,0.6,1.1,.092,,-1.4,0.2,-1.2,0.1
272,Kyle Korver\korveky01,SF,38,MIL,47,782,10.6,.600,.797,.131,1.6,10.0,6.1,8.9,1.2,1.2,13.5,15.3,,0.6,1.3,1.9,.115,,-0.2,-0.1,-0.3,0.3
273,Rodions Kurucs\kurucro01,PF,21,BRK,33,427,9.7,.604,.462,.188,4.0,15.0,9.6,9.9,1.4,0.4,20.2,15.5,,0.1,0.5,0.6,.069,,-2.6,0.0,-2.6,-0.1
274,Kyle Kuzma\kuzmaky01,PF,24,LAL,46,1137,11.9,.531,.410,.233,4.2,14.9,9.7,7.6,0.7,1.5,11.8,22.9,,0.1,1.2,1.3,.056,,-2.2,-1.5,-3.7,-0.5
275,Skal Labissière\labissk01,C,23,POR,33,567,15.4,.588,.088,.224,11.9,18.7,15.3,10.3,0.6,4.6,15.7,14.3,,1.0,0.4,1.4,.122,,-0.6,1.5,1.0,0.4
276,Jeremy Lamb\lambje01,SG,27,IND,46,1291,14.1,.547,.330,.230,2.1,15.0,8.6,10.6,2.1,1.5,8.7,19.7,,0.9,1.7,2.6,.096,,-0.6,0.7,0.1,0.7
277,Romeo Langford\langfro01,SG,20,BOS,20,219,7.8,.542,.383,.447,3.0,6.3,4.7,1.8,1.1,2.5,8.2,11.9,,0.1,0.2,0.3,.075,,-2.8,-0.3,-3.0,-0.1
278,Zach LaVine\lavinza01,SG,24,CHI,58,2009,19.5,.570,.406,.286,2.0,13.8,7.7,21.7,2.1,1.3,13.5,31.4,,1.9,2.2,4.1,.097,,2.3,-0.7,1.5,1.8
279,Vic Law\lawvi01,SF,24,ORL,3,4,-30.4,.000,.500,1.000,0.0,0.0,0.0,0.0,0.0,0.0,0.0,31.3,,-0.1,0.0,-0.1,-0.807,,-25.0,-9.5,-34.6,0.0
280,Jake Layman\laymaja01,PF,25,MIN,14,369,10.0,.539,.409,.076,3.3,8.5,5.8,4.6,1.5,2.2,11.7,17.3,,-0.1,0.2,0.2,.020,,-2.6,-0.8,-3.4,-0.1
281,T.J. Leaf\leaftj01,PF,22,IND,23,185,13.5,.470,.209,.179,12.0,24.5,18.2,4.5,2.1,1.4,7.7,18.6,,0.0,0.3,0.3,.082,,-3.6,-0.7,-4.3,-0.1
282,Jalen Lecque\lecquja01,PG,19,PHO,4,26,5.0,.460,.400,.200,0.0,0.0,0.0,11.1,0.0,0.0,8.4,19.4,,0.0,0.0,0.0,-0.039,,-6.1,-7.6,-13.7,-0.1
283,Courtney Lee\leeco01,SG,34,DAL,15,163,12.5,.661,.651,.047,1.3,6.9,4.2,5.9,1.8,2.1,6.4,12.3,,0.3,0.1,0.4,.122,,0.9,-0.6,0.3,0.1
284,Damion Lee\leeda03,SG,27,GSW,41,1154,12.7,.546,.430,.256,2.7,16.2,9.2,13.8,1.7,0.3,10.8,19.1,,0.7,0.6,1.4,.056,,-0.9,-1.3,-2.2,-0.1
285,Alex Len\lenal01,C,26,TOT,41,761,17.4,.588,.213,.316,10.2,23.5,16.8,8.6,1.3,3.7,12.3,18.7,,1.1,0.7,1.8,.112,,-1.2,0.3,-0.9,0.2
285,Alex Len\lenal01,C,26,ATL,40,745,17.6,.590,.215,.312,9.9,23.4,16.6,8.8,1.2,3.7,11.7,18.7,,1.1,0.7,1.8,.116,,-1.0,0.3,-0.7,0.2
285,Alex Len\lenal01,C,26,SAC,1,16,6.5,.387,.000,.667,27.3,29.1,28.2,0.0,3.1,6.0,43.6,18.7,,-0.1,0.0,0.0,-0.078,,-11.7,-0.9,-12.6,0.0
286,Kawhi Leonard\leonaka01,SF,28,LAC,43,1400,26.5,.579,.277,.332,3.2,20.1,11.8,28.4,2.6,1.8,11.3,33.7,,3.6,2.5,6.1,.209,,4.8,2.3,7.1,3.2
287,Meyers Leonard\leoname01,C,27,MIA,49,987,11.2,.640,.534,.117,3.2,24.0,14.1,7.7,0.6,1.5,13.0,12.0,,1.1,1.1,2.2,.107,,-1.3,0.2,-1.1,0.2
288,Caris LeVert\leverca01,SG,25,BRK,30,832,12.4,.484,.289,.237,3.5,9.9,6.8,21.0,1.9,0.5,13.7,28.2,,-0.8,1.0,0.1,.008,,-2.5,-0.8,-3.3,-0.3
289,Damian Lillard\lillada01,PG,29,POR,54,1996,26.8,.621,.489,.376,1.5,10.5,6.1,35.2,1.2,0.8,11.0,30.6,,8.7,0.6,9.3,.223,,9.1,-2.6,6.6,4.3
290,Nassir Little\littlna01,PF,19,POR,41,520,9.9,.516,.397,.287,6.2,14.1,10.2,4.9,0.9,2.3,8.9,13.7,,0.3,0.3,0.6,.055,,-2.1,-0.9,-3.1,-0.1
291,Kevon Looney\looneke01,C,23,GSW,17,213,7.9,.371,.177,.145,11.2,15.7,13.4,8.8,2.5,1.7,12.0,15.0,,-0.2,0.2,-0.1,-0.013,,-5.3,0.5,-4.8,-0.2
292,Brook Lopez\lopezbr01,C,31,MIL,54,1441,14.1,.538,.509,.196,2.5,13.3,8.3,8.2,1.2,8.1,9.0,16.9,,0.8,3.4,4.2,.140,,-1.6,4.7,3.1,1.9
293,Robin Lopez\lopezro01,C,31,MIL,52,717,11.7,.556,.339,.185,6.9,10.7,8.9,6.5,0.5,4.2,14.6,16.9,,0.2,1.2,1.5,.098,,-2.7,1.2,-1.6,0.1
294,Kevin Love\loveke01,PF,31,CLE,47,1461,18.0,.600,.523,.283,3.0,31.3,17.0,14.8,0.9,0.9,14.6,23.3,,2.0,0.9,3.0,.097,,1.1,-0.7,0.4,0.9
295,Kyle Lowry\lowryky01,PG,33,TOR,45,1635,17.9,.588,.569,.386,1.9,11.8,7.0,31.1,1.7,1.1,15.2,22.9,,3.6,2.4,6.0,.176,,3.3,0.2,3.5,2.3
296,Timothé Luwawu-Cabarrot\luwawti01,SG,24,BRK,30,463,9.3,.581,.527,.333,3.9,11.0,7.5,4.6,1.3,0.5,14.5,15.6,,0.2,0.5,0.7,.075,,-2.3,-0.9,-3.3,-0.1
297,Trey Lyles\lylestr01,PF,24,SAS,56,1040,12.0,.542,.493,.119,6.5,25.7,16.1,7.4,0.9,1.8,10.5,13.1,,0.8,0.8,1.6,.074,,-1.3,-0.2,-1.5,0.1
298,Daryl Macon\maconda01,SG,24,MIA,4,14,-3.0,.500,.667,.000,0.0,0.0,0.0,9.6,0.0,0.0,40.0,15.7,,0.0,0.0,0.0,-0.159,,-9.5,-5.9,-15.5,0.0
299,J.P. Macura\macurjp01,SG,24,CLE,1,1,0.0,,,,0.0,0.0,0.0,0.0,0.0,0.0,,0.0,,0.0,0.0,0.0,-0.026,,-6.2,-0.8,-7.0,0.0
300,Josh Magette\magetjo01,PG,30,ORL,8,38,5.2,.378,.267,.133,2.7,14.6,8.4,19.8,3.9,2.4,23.9,23.9,,-0.2,0.1,-0.1,-0.123,,-9.1,1.9,-7.1,0.0
301,Ian Mahinmi\mahinia01,C,33,WAS,35,750,14.5,.554,.124,.552,10.4,19.7,14.8,8.4,1.7,4.9,15.7,15.8,,0.7,0.6,1.3,.083,,-1.8,1.7,-0.1,0.4
302,Thon Maker\makerth01,C,22,DET,54,696,14.0,.606,.345,.607,7.9,16.0,11.9,7.6,1.5,4.2,17.1,16.0,,0.8,0.7,1.5,.102,,-1.4,1.1,-0.3,0.3
303,Terance Mann\mannte01,SG,23,LAC,35,271,7.1,.472,.222,.222,1.5,10.8,6.3,18.0,1.4,1.6,19.1,11.2,,0.0,0.3,0.3,.054,,-4.3,0.7,-3.5,-0.1
304,Boban Marjanović\marjabo01,C,31,DAL,29,258,22.2,.589,.073,.301,15.3,31.0,23.3,7.1,0.8,2.0,12.6,26.5,,0.5,0.3,0.9,.164,,-1.7,-2.2,-3.9,-0.1
305,Lauri Markkanen\markkla01,PF,22,CHI,46,1395,14.4,.560,.535,.271,4.3,19.8,11.7,7.8,1.3,1.5,11.1,21.2,,1.0,1.5,2.5,.088,,-0.7,-0.7,-1.4,0.2
306,Caleb Martin\martica02,SF,24,CHO,9,107,3.3,.392,.320,.280,2.0,12.7,7.1,9.4,1.4,1.7,15.1,13.5,,-0.2,0.1,-0.1,-0.047,,-7.1,-0.5,-7.5,-0.1
307,Cody Martin\martico01,SF,24,CHO,39,633,10.1,.498,.393,.313,4.8,14.8,9.6,12.9,2.2,1.0,14.5,13.8,,0.1,0.5,0.6,.046,,-3.0,0.4,-2.6,-0.1
308,Jeremiah Martin\martije02,PG,23,BRK,2,11,4.8,.250,.000,.000,0.0,9.1,4.7,12.4,4.3,0.0,0.0,15.2,,0.0,0.0,0.0,-0.053,,-9.2,1.3,-7.9,0.0
309,Kelan Martin\martike03,SF,24,MIN,24,416,8.0,.488,.527,.133,1.7,18.8,10.0,4.6,0.7,1.8,8.1,17.1,,-0.2,0.3,0.1,.011,,-4.3,-1.8,-6.1,-0.4
310,Frank Mason\masonfr01,PG,25,MIL,4,18,6.0,.285,.571,.571,5.8,5.1,5.5,32.3,2.5,0.0,10.2,22.3,,0.0,0.0,0.0,-0.022,,-4.7,-1.9,-6.6,0.0
311,Garrison Mathews\mathega01,SG,23,WAS,16,202,14.1,.726,.840,.640,3.1,9.5,6.2,6.5,0.7,0.4,9.8,14.6,,0.6,0.0,0.6,.144,,3.0,-4.2,-1.2,0.0
312,Wesley Matthews\matthwe02,SG,33,MIL,53,1302,8.4,.559,.693,.161,1.0,8.4,4.9,7.4,1.1,0.6,9.3,12.3,,0.8,1.9,2.7,.100,,-0.9,0.3,-0.6,0.5
313,Patrick McCaw\mccawpa01,SF,24,TOR,31,747,8.3,.531,.423,.117,2.3,7.0,4.7,12.2,2.1,0.5,14.8,9.7,,0.4,1.0,1.4,.089,,-1.9,1.3,-0.6,0.3
314,CJ McCollum\mccolcj01,SG,28,POR,54,1937,16.6,.537,.371,.123,1.8,9.7,5.8,17.9,1.0,1.4,8.1,26.1,,2.3,0.5,2.8,.069,,1.6,-2.3,-0.7,0.6
315,T.J. McConnell\mccontj01,PG,27,IND,55,1039,16.8,.546,.041,.110,3.0,12.4,7.7,38.2,1.8,0.9,18.5,17.4,,1.5,1.1,2.6,.122,,-0.8,-0.5,-1.3,0.2
316,Jalen McDaniels\mcdanja01,PF,22,CHO,7,104,12.9,.651,.400,.240,4.0,20.6,12.0,3.0,1.4,0.0,3.5,12.1,,0.2,0.1,0.3,.132,,-1.6,-2.2,-3.8,0.0
317,Doug McDermott\mcderdo01,PF,28,IND,57,1167,14.1,.623,.545,.108,2.1,11.4,6.8,8.0,0.3,0.3,6.8,19.3,,2.0,0.7,2.7,.111,,1.8,-2.9,-1.1,0.3
318,JaVale McGee\mcgeeja01,C,32,LAL,53,885,20.7,.657,.024,.266,12.4,25.3,19.0,5.3,1.4,8.1,12.4,15.4,,2.1,1.9,4.0,.216,,-0.5,4.2,3.7,1.3
319,Rodney McGruder\mcgruro01,SG,28,LAC,44,709,6.2,.458,.510,.177,3.7,13.8,8.8,5.2,1.5,1.0,11.2,10.4,,-0.2,0.9,0.7,.046,,-3.2,1.2,-2.1,0.0
320,Alfonzo McKinnie\mckinal01,SF,27,CLE,37,531,8.2,.479,.388,.191,6.4,14.9,10.6,3.4,1.9,1.0,12.2,15.1,,-0.2,0.3,0.0,.004,,-3.7,-1.5,-5.2,-0.4
321,Jordan McLaughlin\mclaujo01,PG,23,MIN,21,410,16.1,.568,.452,.159,1.0,9.0,4.9,30.9,2.4,0.8,11.2,15.3,,0.8,0.3,1.1,.133,,0.6,-1.8,-1.2,0.1
322,Ben McLemore\mclembe01,SG,26,HOU,56,1309,11.9,.621,.832,.133,1.4,8.6,5.0,5.4,1.2,0.8,8.4,15.8,,1.9,0.9,2.8,.102,,1.0,-2.1,-1.1,0.3
323,Jordan McRae\mcraejo01,SG,28,TOT,32,681,15.4,.526,.342,.270,2.8,15.0,8.7,18.6,1.4,2.0,9.5,24.3,,0.6,0.3,0.8,.059,,-0.4,-1.9,-2.3,0.0
323,Jordan McRae\mcraejo01,SG,28,WAS,29,654,15.3,.523,.334,.262,2.7,15.0,8.6,18.5,1.4,2.0,9.7,24.8,,0.5,0.2,0.7,.050,,-0.5,-2.0,-2.5,-0.1
323,Jordan McRae\mcraejo01,SG,28,DEN,3,27,19.5,.666,.800,.800,4.1,16.4,10.2,18.8,1.8,3.4,0.0,10.8,,0.1,0.0,0.1,.261,,3.2,1.0,4.2,0.0
324,Nicolò Melli\mellini01,C,29,NOP,45,722,13.2,.614,.652,.174,4.3,14.7,9.5,9.5,1.6,1.7,12.4,15.6,,1.0,0.6,1.6,.106,,0.7,-0.4,0.2,0.4
325,De'Anthony Melton\meltode01,PG,21,MEM,43,802,15.8,.537,.293,.331,3.8,16.6,10.3,21.7,3.2,1.5,16.1,20.3,,0.5,1.1,1.6,.096,,-0.8,1.7,0.9,0.6
326,Chimezie Metu\metuch01,PF,22,SAS,16,73,25.6,.597,.029,.229,14.6,23.5,19.1,13.9,0.7,4.8,11.5,25.8,,0.2,0.1,0.2,.161,,0.7,-0.2,0.4,0.0
327,Khris Middleton\middlkh01,SF,28,MIL,49,1453,22.2,.630,.371,.230,2.8,17.0,10.4,21.6,1.4,0.4,11.0,25.6,,4.2,2.7,6.9,.228,,3.9,0.4,4.3,2.3
328,Eric Mika\mikaer01,PF,25,SAC,1,19,14.0,.773,.000,.667,11.5,30.7,20.7,0.0,0.0,0.0,0.0,8.9,,0.1,0.0,0.1,.222,,-2.5,-6.0,-8.5,0.0
329,C.J. Miles\milescj01,SG,32,WAS,10,161,11.1,.472,.593,.339,2.6,5.6,4.0,9.8,2.9,2.1,5.6,18.5,,0.0,0.1,0.1,.033,,-1.1,-1.9,-3.0,0.0
330,Malcolm Miller\millema01,SF,26,TOR,24,124,5.1,.449,.783,.261,0.9,10.8,5.9,8.2,1.5,1.5,10.5,9.9,,-0.1,0.2,0.1,.047,,-3.9,0.6,-3.3,0.0
331,Patty Mills\millspa02,PG,31,SAS,56,1281,14.6,.586,.672,.183,1.5,6.0,3.8,11.6,1.7,0.3,7.7,20.5,,1.9,0.4,2.3,.085,,2.8,-3.4,-0.6,0.5
332,Paul Millsap\millspa01,PF,34,DEN,37,908,18.4,.603,.281,.349,8.7,18.2,13.4,9.1,1.8,2.6,11.0,20.0,,2.0,1.2,3.2,.170,,1.1,0.8,1.8,0.9
333,Shake Milton\miltosh01,SG,23,PHI,24,364,11.1,.573,.520,.264,1.8,12.0,6.9,14.4,1.2,0.2,15.2,19.5,,0.2,0.4,0.6,.078,,-1.4,-1.8,-3.2,-0.1
334,Donovan Mitchell\mitchdo01,SG,23,UTA,55,1892,19.1,.559,.339,.226,2.2,11.0,6.8,21.4,1.5,0.5,11.1,30.9,,2.6,2.0,4.6,.118,,2.0,-0.8,1.2,1.5
335,Naz Mitrou-Long\mitrona01,SG,26,IND,3,43,10.1,.438,.688,.000,0.0,15.4,7.7,22.3,1.1,2.0,11.1,18.4,,0.0,0.0,0.0,.013,,-2.7,-1.1,-3.8,0.0
336,Adam Mokoka\mokokad01,SG,21,CHI,8,57,7.8,.428,.474,.105,11.1,2.0,6.7,7.6,1.7,0.0,4.8,15.6,,0.0,0.0,0.0,.030,,-1.9,-2.5,-4.3,0.0
337,Malik Monk\monkma01,SG,21,CHO,54,1142,12.9,.536,.421,.211,2.4,12.9,7.4,16.5,1.0,1.3,12.9,22.9,,0.2,0.5,0.7,.030,,-1.5,-2.2,-3.7,-0.5
338,Matt Mooney\moonema01,SG,22,CLE,2,5,21.6,.500,.500,.000,0.0,22.3,11.1,31.7,0.0,17.1,0.0,17.0,,0.0,0.0,0.0,.183,,-0.4,6.3,5.9,0.0
339,E'Twaun Moore\mooreet01,SG,30,NOP,44,861,11.7,.511,.395,.108,3.4,10.2,6.8,11.3,1.3,0.8,7.4,20.5,,0.4,0.5,0.8,.045,,-1.3,-2.1,-3.4,-0.3
340,Ja Morant\moranja01,PG,20,MEM,50,1495,17.9,.567,.158,.338,2.3,9.7,6.1,34.4,1.5,0.7,17.4,26.2,,1.8,0.9,2.7,.086,,0.6,-1.6,-1.0,0.4
341,Juwan Morgan\morgaju01,PF,22,UTA,15,68,10.2,.594,.250,.000,8.4,21.4,15.2,4.2,0.0,1.2,15.8,12.2,,0.1,0.1,0.1,.088,,-3.0,-0.6,-3.6,0.0
342,Marcus Morris\morrima03,SF-PF,30,TOT,47,1518,15.7,.576,.417,.292,3.4,14.5,8.8,6.9,1.2,1.3,9.7,23.6,,2.0,1.0,3.0,.094,,0.8,-1.9,-1.1,0.3
342,Marcus Morris\morrima03,SF,30,NYK,43,1387,16.6,.582,.415,.311,3.5,14.6,8.9,6.9,1.2,1.2,9.2,24.3,,2.2,0.8,3.0,.104,,1.3,-2.2,-0.9,0.4
342,Marcus Morris\morrima03,PF,30,LAC,4,131,5.6,.476,.439,.000,1.6,13.1,7.4,6.3,1.1,2.7,18.0,15.8,,-0.2,0.2,0.0,-0.014,,-5.0,1.0,-3.9,-0.1
343,Markieff Morris\morrima02,PF,30,DET,44,988,12.8,.573,.486,.203,2.7,17.1,9.9,10.9,1.3,0.9,14.2,21.7,,0.4,0.7,1.1,.053,,-0.9,-1.4,-2.3,-0.1
344,Monte Morris\morrimo01,PG,24,DEN,57,1214,15.4,.539,.290,.129,1.8,7.7,4.7,24.2,1.8,0.8,7.8,17.5,,2.1,1.1,3.2,.126,,0.2,-1.6,-1.4,0.2
345,Johnathan Motley\motlejo01,PF,24,LAC,13,41,28.4,.774,.067,.467,7.7,17.2,12.5,32.9,3.4,0.0,21.7,23.3,,0.2,0.1,0.3,.297,,5.3,1.4,6.7,0.1
346,Emmanuel Mudiay\mudiaem01,PG,23,UTA,46,742,13.9,.550,.264,.236,2.6,13.6,8.4,21.9,1.2,1.1,16.7,22.2,,0.4,0.8,1.2,.079,,-1.5,0.1,-1.4,0.1
347,Dejounte Murray\murrade01,PG,23,SAS,52,1284,17.2,.545,.164,.192,5.0,20.0,12.5,23.4,3.3,0.9,16.3,20.0,,1.0,1.5,2.5,.093,,0.2,1.8,2.0,1.3
348,Jamal Murray\murraja01,PG,22,DEN,47,1528,17.9,.559,.346,.216,2.5,10.8,6.7,22.8,1.9,0.8,11.9,25.6,,2.2,1.5,3.7,.116,,1.8,-0.9,0.9,1.1
349,Džanan Musa\musadz01,SF,20,BRK,35,404,8.4,.467,.468,.317,5.0,12.9,9.0,11.0,1.5,0.2,15.5,19.4,,-0.4,0.5,0.1,.010,,-4.2,-0.9,-5.1,-0.3
350,Mike Muscala\muscami01,C,28,OKC,38,468,12.7,.573,.753,.147,3.2,17.5,10.6,9.4,0.7,1.8,7.5,16.3,,0.6,0.5,1.1,.114,,0.4,-0.9,-0.5,0.2
351,Sviatoslav Mykhailiuk\mykhasv01,SF,22,DET,49,1081,11.3,.602,.705,.172,1.6,7.3,4.4,10.8,1.4,0.3,12.5,16.4,,1.1,0.4,1.6,.070,,0.7,-2.2,-1.6,0.1
352,Abdel Nader\naderab01,SF,26,OKC,41,627,10.7,.594,.492,.265,2.0,9.2,5.7,5.9,1.2,1.6,14.0,16.5,,0.3,0.6,0.9,.068,,-1.6,-0.9,-2.5,-0.1
353,Larry Nance\nancela02,C,27,CLE,47,1182,16.9,.603,.392,.170,8.0,24.1,16.0,11.4,1.6,1.5,11.8,15.2,,2.1,0.8,2.9,.119,,1.0,0.6,1.6,1.1
354,Shabazz Napier\napiesh01,PG,28,TOT,42,969,14.4,.548,.567,.307,2.1,11.3,6.6,31.3,2.4,0.7,19.6,19.2,,0.8,0.7,1.6,.077,,0.1,-1.3,-1.1,0.2
354,Shabazz Napier\napiesh01,PG,28,MIN,36,856,14.1,.539,.562,.311,2.0,11.8,6.7,31.8,2.2,0.7,19.1,19.2,,0.7,0.7,1.3,.074,,0.0,-1.2,-1.2,0.2
354,Shabazz Napier\napiesh01,PG,28,WAS,6,113,16.7,.619,.611,.278,2.8,8.0,5.3,27.6,3.7,0.8,22.9,19.2,,0.2,0.1,0.2,.097,,1.2,-1.9,-0.7,0.0
355,Raul Neto\netora01,PG,27,PHI,46,515,10.5,.531,.411,.139,2.3,8.3,5.3,18.7,2.0,0.8,17.7,17.0,,0.0,0.6,0.7,.061,,-2.7,-0.9,-3.6,-0.2
356,Malik Newman\newmama01,SG,22,CLE,1,4,-11.2,.347,.500,1.000,0.0,0.0,0.0,0.0,0.0,0.0,25.8,41.3,,0.0,0.0,0.0,-0.502,,-19.0,-10.4,-29.4,0.0
357,Georges Niang\niangge01,PF,26,UTA,50,677,12.4,.618,.689,.098,1.9,13.0,7.7,7.3,0.9,0.6,9.6,16.8,,0.9,0.7,1.6,.113,,0.9,-1.1,-0.3,0.3
358,Nerlens Noel\noelne01,C,25,OKC,48,891,22.6,.714,.013,.386,9.8,19.7,14.9,8.5,2.8,6.9,14.7,15.5,,2.6,1.9,4.5,.241,,1.4,5.4,6.8,2.0
359,Zach Norvell\norveza01,SG,22,TOT,5,41,2.6,.402,.667,.083,0.0,16.2,7.9,10.3,2.3,0.0,19.4,16.0,,-0.1,0.0,-0.1,-0.084,,-7.2,-1.7,-8.9,-0.1
359,Zach Norvell\norveza01,SG,22,LAL,2,5,-5.6,.000,.000,.000,0.0,21.3,10.9,0.0,0.0,0.0,0.0,8.5,,0.0,0.0,0.0,-0.153,,-14.3,-2.9,-17.3,0.0
359,Zach Norvell\norveza01,SG,22,GSW,3,36,3.8,.437,.727,.091,0.0,15.5,7.5,11.7,2.7,0.0,20.8,17.1,,-0.1,0.0,-0.1,-0.075,,-6.2,-1.5,-7.7,-0.1
360,Jaylen Nowell\nowelja01,SG,20,MIN,10,117,9.5,.467,.523,.273,2.6,6.5,4.5,16.3,0.0,0.7,5.7,18.4,,0.1,0.0,0.1,.024,,-2.3,-4.3,-6.7,-0.1
361,Frank Ntilikina\ntilila01,PG,21,NYK,50,1041,9.3,.483,.406,.161,2.1,9.4,5.6,20.2,2.2,1.4,17.3,15.1,,-0.2,0.8,0.6,.028,,-2.6,-0.2,-2.8,-0.2
362,Kendrick Nunn\nunnke01,SG,24,MIA,53,1590,13.3,.537,.415,.116,1.0,8.6,5.0,19.2,1.4,0.7,10.7,23.6,,0.7,1.3,2.0,.061,,-0.5,-2.1,-2.6,-0.2
363,David Nwaba\nwabada01,SF,27,BRK,20,268,14.1,.627,.394,.380,3.1,13.8,8.6,4.4,1.9,3.7,8.8,14.2,,0.4,0.4,0.8,.146,,-1.6,1.6,0.0,0.1
364,Royce O'Neale\onealro01,PF,26,UTA,56,1624,9.0,.588,.625,.114,1.5,17.1,9.6,11.5,1.2,1.2,13.9,8.9,,1.5,2.0,3.5,.104,,-0.3,2.7,2.4,1.8
365,Kyle O'Quinn\oquinky01,C,29,PHI,22,221,17.5,.552,.328,.172,13.4,26.6,20.1,20.8,0.9,6.5,20.7,16.9,,0.2,0.4,0.7,.145,,-1.0,4.4,3.4,0.3
366,Semi Ojeleye\ojelese01,PF,25,BOS,53,772,7.3,.547,.620,.209,2.8,11.0,7.0,4.8,1.1,0.5,6.6,8.3,,0.6,0.8,1.4,.089,,-1.5,0.0,-1.5,0.1
367,Jahlil Okafor\okafoja01,C,24,NOP,27,420,18.1,.631,.014,.403,11.4,17.9,14.7,12.9,0.8,3.8,17.5,20.1,,0.8,0.4,1.1,.129,,-0.5,0.8,0.3,0.2
368,Elie Okobo\okoboel01,PG,22,PHO,47,621,11.0,.511,.409,.384,2.4,10.8,6.5,21.9,1.7,0.6,13.9,14.7,,0.4,0.5,0.9,.070,,-2.0,-1.1,-3.1,-0.2
369,Josh Okogie\okogijo01,SG,21,MIN,53,1299,11.7,.543,.391,.494,5.6,13.3,9.3,9.0,2.2,1.3,15.0,15.8,,0.7,1.1,1.8,.067,,-1.6,0.7,-1.0,0.3
370,KZ Okpala\okpalkz01,SF,20,MIA,5,26,13.8,.595,.200,.400,4.5,16.5,10.8,5.5,3.8,3.8,14.5,11.6,,0.0,0.1,0.1,.121,,-2.9,3.3,0.4,0.0
371,Victor Oladipo\oladivi01,SG,27,IND,8,200,6.1,.428,.473,.183,3.3,6.1,4.7,14.7,1.0,0.4,13.7,25.6,,-0.5,0.1,-0.3,-0.083,,-4.3,-3.3,-7.6,-0.3
372,Kelly Olynyk\olynyke01,C,28,MIA,50,972,13.6,.617,.584,.262,4.0,21.2,13.0,11.0,1.7,1.7,15.0,16.6,,1.2,1.3,2.5,.123,,-0.1,0.6,0.5,0.6
373,Miye Oni\onimi01,SG,22,UTA,3,8,-5.0,,,,0.0,13.0,6.8,0.0,0.0,0.0,100.0,5.5,,0.0,0.0,0.0,-0.141,,-11.7,0.8,-10.9,0.0
374,Cedi Osman\osmande01,SF,24,CLE,56,1628,11.0,.559,.532,.155,1.9,11.9,6.9,12.0,1.4,0.8,12.4,16.5,,1.1,0.4,1.5,.043,,-0.2,-1.2,-1.4,0.2
375,Kelly Oubre\oubreke01,SF,24,PHO,55,1895,15.0,.559,.374,.298,3.8,17.4,10.4,6.7,1.7,1.8,8.2,22.4,,1.7,2.0,3.7,.094,,-0.5,-0.4,-0.8,0.6
376,Tariq Owens\owensta01,PF,24,PHO,3,15,8.5,.340,.400,.400,14.4,7.5,11.1,0.0,3.1,0.0,0.0,16.6,,0.0,0.0,0.0,.020,,-5.0,-4.3,-9.3,0.0
377,Jeremy Pargo\pargoje01,PG,33,GSW,3,44,12.8,.557,.318,.045,2.4,5.1,3.7,33.4,1.1,0.0,15.1,25.6,,0.0,0.0,0.0,.012,,-0.6,-5.9,-6.5,0.0
378,Jabari Parker\parkeja01,PF,24,TOT,33,852,17.1,.561,.291,.185,6.8,18.0,12.3,11.8,2.3,1.5,12.2,24.0,,0.5,0.7,1.2,.069,,-0.3,-0.6,-0.9,0.2
378,Jabari Parker\parkeja01,PF,24,ATL,32,837,17.3,.565,.293,.183,6.9,17.7,12.3,11.7,2.3,1.5,12.4,24.1,,0.6,0.7,1.2,.072,,-0.1,-0.6,-0.7,0.3
378,Jabari Parker\parkeja01,PF,24,SAC,1,15,4.1,.291,.167,.333,0.0,31.1,15.0,17.5,0.0,0.0,0.0,20.0,,0.0,0.0,0.0,-0.079,,-9.6,-2.1,-11.7,0.0
379,Chandler Parsons\parsoch01,SF,31,ATL,5,54,5.6,.389,.778,.000,2.0,12.0,7.0,7.5,3.4,1.5,14.3,16.2,,-0.1,0.1,-0.1,-0.064,,-5.2,-0.3,-5.4,0.0
380,Eric Paschall\pascher01,PF,23,GSW,52,1397,13.6,.558,.196,.312,5.5,13.7,9.4,10.3,1.0,0.8,11.9,21.3,,0.9,0.5,1.3,.045,,-1.8,-2.1,-3.9,-0.7
381,Anžejs Pasečņiks\pasecan01,C,24,WAS,20,370,12.3,.560,.020,.490,10.5,17.3,13.8,6.3,1.0,2.3,15.1,16.4,,0.3,0.1,0.5,.059,,-2.6,-1.1,-3.8,-0.2
382,Patrick Patterson\pattepa01,PF,30,LAC,46,578,11.6,.567,.753,.191,5.3,15.3,10.4,6.8,0.5,0.5,7.2,14.9,,0.8,0.6,1.4,.116,,0.4,-1.5,-1.1,0.1
383,Justin Patton\pattoju01,C,22,OKC,5,24,4.7,.450,.400,.000,4.8,17.8,11.5,12.5,0.0,0.0,16.7,22.0,,0.0,0.0,0.0,-0.062,,-5.8,-2.9,-8.8,0.0
384,Chris Paul\paulch01,PG,34,OKC,56,1777,21.6,.608,.355,.313,1.3,15.9,8.9,32.8,2.4,0.4,12.9,23.0,,5.0,2.3,7.3,.197,,4.2,0.7,4.9,3.1
385,Elfrid Payton\paytoel01,PG,25,NYK,36,988,15.9,.460,.166,.157,4.4,14.0,9.0,37.8,3.0,1.5,15.9,19.4,,0.3,1.1,1.3,.065,,-0.6,1.2,0.6,0.6
386,Gary Payton\paytoga02,PG,27,WAS,24,407,11.2,.466,.380,.074,6.5,13.3,9.7,14.3,3.7,1.5,14.6,13.3,,0.0,0.3,0.4,.046,,-1.5,1.3,-0.1,0.2
387,Norvel Pelle\pelleno01,C,26,PHI,17,170,12.2,.549,.000,.364,9.7,27.6,18.7,5.6,0.3,12.4,25.4,13.0,,-0.1,0.4,0.3,.097,,-6.7,6.5,-0.3,0.1
388,Theo Pinson\pinsoth01,SG,24,BRK,29,346,5.3,.377,.513,.105,3.0,11.8,7.6,22.1,2.1,0.5,16.8,23.1,,-1.0,0.4,-0.5,-0.073,,-5.8,-0.6,-6.4,-0.4
389,Mason Plumlee\plumlma01,C,29,DEN,45,778,19.2,.616,.018,.535,11.3,23.5,17.4,20.3,1.6,3.1,19.8,18.6,,1.4,1.2,2.6,.161,,0.1,2.8,2.9,0.9
390,Vincent Poirier\poirivi01,C,26,BOS,19,111,12.9,.543,.065,.226,9.8,23.0,16.4,8.8,0.9,5.0,15.0,15.4,,0.1,0.2,0.3,.127,,-3.4,2.3,-1.1,0.0
391,Jakob Pöltl\poeltja01,C,24,SAS,56,951,19.8,.612,.000,.326,11.6,22.9,17.2,14.5,1.5,7.7,15.2,13.2,,2.0,1.3,3.3,.168,,0.2,4.8,5.0,1.7
392,Shamorie Ponds\pondssh01,PG,21,TOR,4,11,33.3,.765,.400,.400,0.0,9.3,4.8,31.6,0.0,8.7,0.0,22.9,,0.1,0.0,0.1,.455,,9.0,0.0,9.0,0.0
393,Jordan Poole\poolejo01,SG,20,GSW,50,1097,6.3,.432,.534,.227,0.7,10.1,5.2,13.8,1.3,0.7,10.5,20.8,,-1.7,0.3,-1.4,-0.059,,-4.5,-2.9,-7.5,-1.5
394,Kevin Porter\porteke02,SF,19,CLE,44,979,10.3,.540,.360,.229,1.9,13.6,7.7,13.1,1.9,0.9,17.9,20.4,,-0.4,0.4,0.0,.001,,-2.6,-1.1,-3.7,-0.4
395,Michael Porter\portemi01,PF,21,DEN,41,573,19.3,.600,.364,.158,8.5,25.5,17.0,7.9,1.5,2.8,10.5,22.3,,1.0,0.9,1.8,.155,,0.2,-0.4,-0.2,0.3
396,Otto Porter\porteot01,SF,26,CHI,9,226,13.5,.544,.476,.238,3.7,11.7,7.5,9.4,1.9,1.2,7.0,18.8,,0.2,0.2,0.5,.098,,-0.7,-1.0,-1.7,0.0
397,Bobby Portis\portibo01,C,24,NYK,56,1169,14.1,.519,.337,.163,6.6,20.7,13.4,11.7,1.2,0.9,10.8,21.1,,0.6,0.9,1.4,.059,,-1.2,-1.0,-2.2,0.0
398,Kristaps Porziņģis\porzikr01,PF,24,DAL,43,1317,18.9,.540,.437,.292,5.7,25.2,15.6,7.8,1.1,5.4,8.9,26.4,,1.4,2.0,3.3,.122,,-0.8,0.7,-0.1,0.6
399,Dwight Powell\poweldw01,C,28,DAL,40,1061,16.1,.677,.170,.485,7.5,14.7,11.2,7.7,1.6,1.8,11.5,12.7,,2.7,1.0,3.7,.166,,1.5,1.3,2.7,1.3
400,Norman Powell\powelno01,SG,26,TOR,38,1072,16.7,.623,.455,.237,2.2,12.0,7.2,9.2,2.1,1.3,10.9,20.9,,1.7,1.7,3.4,.150,,1.2,0.3,1.6,1.0
401,Julius Randle\randlju01,PF,25,NYK,54,1770,16.6,.526,.245,.336,7.0,24.6,15.5,16.4,1.2,1.0,14.4,27.4,,0.3,1.5,1.8,.048,,-0.6,-0.2,-0.8,0.6
402,Josh Reaves\reavejo02,SG,22,DAL,2,1,-40.3,.000,.000,.000,0.0,0.0,0.0,0.0,0.0,0.0,0.0,42.8,,0.0,0.0,0.0,-1.035,,-38.5,-12.3,-50.7,0.0
403,Cam Reddish\reddica01,SF,20,ATL,50,1323,8.0,.472,.448,.240,2.6,12.9,7.7,8.3,1.9,1.5,13.5,18.6,,-1.4,0.7,-0.7,-0.025,,-4.0,-0.7,-4.7,-0.9
404,J.J. Redick\redicjj01,SG,35,NOP,52,1401,15.4,.638,.618,.287,0.7,9.5,5.0,10.5,0.6,0.5,9.1,20.3,,3.2,0.4,3.6,.123,,2.6,-3.2,-0.6,0.5
405,Naz Reid\reidna01,C,20,MIN,21,270,16.6,.533,.470,.188,7.2,18.9,12.8,10.1,1.7,3.1,8.0,26.8,,0.2,0.3,0.5,.088,,0.0,-1.4,-1.4,0.0
406,Josh Richardson\richajo01,SG,26,PHI,43,1329,12.2,.532,.379,.223,2.8,8.7,5.8,15.3,1.5,1.7,13.4,21.6,,0.2,1.6,1.8,.066,,-1.2,-0.3,-1.5,0.2
407,Austin Rivers\riverau01,SG,27,HOU,52,1222,10.0,.529,.541,.203,1.6,9.2,5.4,9.1,1.4,0.6,7.0,15.0,,1.0,0.9,1.8,.071,,-1.5,-1.3,-2.9,-0.3
408,Duncan Robinson\robindu01,SF,25,MIA,56,1639,12.4,.662,.880,.089,0.6,11.1,6.1,7.3,0.8,0.8,7.7,15.6,,2.8,1.2,4.0,.117,,2.8,-1.8,1.0,1.2
409,Glenn Robinson\robingl02,SF,26,TOT,52,1574,13.4,.573,.332,.140,4.4,11.7,7.9,8.8,1.5,0.9,8.3,16.6,,1.6,0.7,2.3,.071,,-0.4,-1.1,-1.5,0.2
409,Glenn Robinson\robingl02,SF,26,GSW,48,1516,13.2,.574,.335,.146,4.5,11.8,8.0,8.8,1.4,0.8,8.5,16.6,,1.6,0.6,2.1,.068,,-0.4,-1.2,-1.6,0.1
409,Glenn Robinson\robingl02,SF,26,PHI,4,58,17.9,.565,.261,.000,1.9,9.4,5.7,8.4,5.0,1.5,4.2,17.8,,0.1,0.1,0.2,.148,,-0.5,1.8,1.3,0.0
410,Jerome Robinson\robinje01,SG,22,TOT,47,561,5.0,.424,.476,.128,1.1,13.5,7.3,12.1,1.3,1.2,13.9,14.8,,-0.6,0.6,-0.1,-0.006,,-4.8,-0.1,-4.9,-0.4
410,Jerome Robinson\robinje01,SG,22,LAC,42,476,4.8,.423,.493,.140,1.1,11.6,6.5,12.6,1.3,1.5,15.3,14.8,,-0.6,0.5,0.0,-0.004,,-4.8,0.3,-4.5,-0.3
410,Jerome Robinson\robinje01,SG,22,WAS,5,85,6.0,.433,.393,.071,1.2,23.8,12.1,9.3,1.1,0.0,6.5,15.1,,-0.1,0.0,0.0,-0.015,,-4.9,-2.4,-7.3,-0.1
411,Justin Robinson\robinju01,PG,22,WAS,9,49,8.3,.542,.417,.000,2.1,9.2,5.5,18.4,0.0,1.8,20.0,12.7,,0.0,0.0,0.0,.005,,-3.5,-3.5,-7.1,-0.1
412,Mitchell Robinson\robinmi01,C,21,NYK,52,1171,22.5,.720,.000,.419,12.9,18.8,15.7,3.7,1.9,7.9,9.3,13.2,,3.7,1.7,5.4,.221,,1.5,3.8,5.3,2.2
413,Isaiah Roby\robyis01,SF,21,OKC,2,5,-5.7,.000,.000,.000,0.0,21.3,11.0,0.0,0.0,0.0,0.0,8.8,,0.0,0.0,0.0,-0.181,,-14.6,-3.0,-17.6,0.0
414,Rajon Rondo\rondora01,PG,33,LAL,40,836,13.8,.513,.387,.140,2.7,14.0,8.5,33.7,2.0,0.2,20.8,18.9,,0.5,1.1,1.6,.090,,-1.0,-0.3,-1.3,0.2
415,Derrick Rose\rosede01,PG,31,DET,47,1231,20.7,.550,.199,.183,2.2,8.2,5.2,40.3,1.4,1.0,13.3,31.3,,1.8,0.6,2.4,.093,,2.4,-2.6,-0.3,0.5
416,Terrence Ross\rosste01,SG,28,ORL,54,1447,12.6,.520,.587,.214,0.9,11.7,6.1,6.5,2.1,1.2,7.0,22.6,,0.1,1.7,1.7,.058,,-0.9,-1.3,-2.2,-0.1
417,Terry Rozier\roziete01,PG,25,CHO,55,1879,14.5,.548,.453,.207,2.4,12.3,7.2,19.9,1.5,0.5,12.6,23.6,,1.3,1.0,2.3,.058,,0.8,-1.6,-0.9,0.5
418,Ricky Rubio\rubiori01,PG,29,PHO,49,1535,15.1,.512,.303,.308,2.5,13.4,7.8,39.0,2.2,0.5,18.1,20.0,,1.5,1.4,2.9,.091,,-0.2,-0.3,-0.4,0.6
419,D'Angelo Russell\russeda01,PG,23,TOT,36,1161,19.3,.559,.506,.233,1.3,11.4,6.2,37.1,1.4,0.8,13.0,31.8,,1.2,0.4,1.6,.067,,4.6,-3.1,1.5,1.0
419,D'Angelo Russell\russeda01,PG,23,GSW,33,1060,19.3,.558,.506,.227,1.4,11.4,6.2,36.2,1.4,0.8,12.6,32.1,,1.0,0.4,1.3,.061,,4.7,-3.1,1.7,1.0
419,D'Angelo Russell\russeda01,PG,23,MIN,3,101,20.0,.569,.510,.314,1.0,11.8,6.2,46.9,1.4,0.8,17.1,28.6,,0.2,0.1,0.3,.126,,3.4,-3.3,0.1,0.1
420,Domantas Sabonis\sabondo01,C,23,IND,54,1867,20.5,.583,.079,.352,9.7,30.1,19.9,21.1,1.0,1.3,14.8,23.4,,3.5,2.8,6.3,.162,,1.4,2.3,3.7,2.7
421,JaKarr Sampson\sampsja02,SF,26,IND,19,256,10.2,.581,.197,.164,4.8,14.2,9.5,2.1,1.1,2.8,8.4,12.3,,0.2,0.3,0.5,.086,,-2.9,0.1,-2.8,-0.1
422,Dario Šarić\saricda01,PF,25,PHO,50,1213,12.4,.548,.476,.181,6.8,20.3,13.4,11.1,1.2,0.9,12.8,17.2,,0.9,1.1,2.0,.077,,-0.7,0.0,-0.7,0.4
423,Tomáš Satoranský\satorto01,PG,28,CHI,58,1671,14.3,.548,.373,.231,3.9,10.6,7.1,27.7,2.2,0.4,17.1,16.6,,2.1,1.6,3.7,.106,,-0.1,-0.2,-0.3,0.7
424,Admiral Schofield\schofad01,SF,22,WAS,26,292,6.8,.514,.627,.173,2.2,10.8,6.3,6.2,1.3,0.9,8.0,12.4,,0.1,0.0,0.1,.019,,-2.2,-2.4,-4.6,-0.2
425,Dennis Schröder\schrode01,PG,26,OKC,56,1742,16.9,.575,.343,.228,1.3,12.0,6.8,21.4,1.0,0.6,13.4,27.1,,1.8,1.5,3.3,.091,,1.0,-1.6,-0.6,0.6
426,Mike Scott\scottmi01,PF,31,PHI,56,959,9.6,.528,.655,.097,5.0,16.3,10.7,4.6,0.9,0.4,6.5,13.9,,0.6,1.0,1.7,.084,,-1.6,-1.3,-2.9,-0.2
427,Thabo Sefolosha\sefolth01,PF,35,HOU,39,417,10.0,.497,.596,.090,5.2,17.4,11.3,7.5,2.6,2.5,13.1,10.5,,0.1,0.6,0.7,.081,,-2.9,2.0,-0.9,0.1
428,Collin Sexton\sextoco01,SG,21,CLE,56,1805,15.8,.544,.228,.239,3.3,7.5,5.4,14.6,1.5,0.3,10.8,27.0,,1.6,0.2,1.8,.047,,0.0,-3.1,-3.1,-0.5
429,Landry Shamet\shamela01,SG,22,LAC,39,1145,9.4,.614,.761,.165,0.4,6.6,3.5,8.5,0.7,0.6,8.6,13.1,,1.6,0.9,2.5,.103,,1.1,-0.9,0.2,0.6
430,Marial Shayok\shayoma01,SG,24,PHI,2,10,-1.9,.300,.600,.000,0.0,32.7,16.4,13.5,0.0,0.0,16.7,25.9,,-0.1,0.0,0.0,-0.221,,-12.2,-2.7,-14.9,0.0
431,Iman Shumpert\shumpim01,SG,29,BRK,13,241,5.3,.403,.516,.109,3.9,10.4,7.2,6.8,2.4,0.7,13.0,13.4,,-0.3,0.3,0.0,.002,,-4.7,1.1,-3.7,-0.1
432,Pascal Siakam\siakapa01,PF,25,TOR,46,1607,19.3,.562,.310,.258,3.6,18.7,11.3,16.5,1.3,2.6,10.2,28.8,,2.0,2.7,4.8,.142,,0.7,1.0,1.7,1.5
433,Chris Silva\silvach01,PF,23,MIA,38,294,17.0,.669,.030,.712,20.3,19.7,20.0,9.6,1.5,5.7,26.3,17.6,,0.6,0.5,1.1,.174,,-0.4,2.6,2.2,0.3
434,Ben Simmons\simmobe01,PG,23,PHI,54,1930,20.8,.608,.010,.460,6.2,17.8,12.0,35.1,2.9,1.4,20.6,20.9,,3.8,3.4,7.2,.180,,1.9,3.3,5.2,3.5
435,Anfernee Simons\simonan01,SG,20,POR,57,1265,9.4,.507,.418,.176,1.8,9.4,5.7,9.5,0.8,0.6,9.6,18.8,,0.2,0.2,0.3,.012,,-1.9,-2.6,-4.5,-0.8
436,Alen Smailagić\smailal01,PF,19,GSW,14,139,14.6,.610,.325,.475,7.5,13.6,10.4,14.4,1.0,2.6,18.5,18.2,,0.2,0.1,0.2,.081,,-1.6,-1.2,-2.8,0.0
437,Marcus Smart\smartma01,SG,25,BOS,45,1429,13.7,.522,.586,.213,2.4,9.9,6.2,20.9,2.4,1.4,12.1,18.3,,1.4,2.0,3.4,.116,,1.3,0.7,2.0,1.4
438,Dennis Smith\smithde03,PG,22,NYK,31,480,6.9,.393,.275,.253,4.0,11.7,7.7,27.2,2.1,1.6,20.5,22.4,,-1.2,0.4,-0.8,-0.084,,-5.5,-0.5,-5.9,-0.5
439,Ish Smith\smithis01,PG,31,WAS,55,1457,14.0,.514,.264,.124,1.9,11.5,6.6,25.2,1.5,1.4,10.8,18.2,,1.4,0.3,1.7,.055,,-0.6,-1.7,-2.4,-0.1
440,Zhaire Smith\smithzh01,SG,20,PHI,7,32,1.1,.313,.273,.364,0.0,6.8,3.4,8.4,4.5,0.0,13.6,19.9,,-0.1,0.1,-0.1,-0.112,,-9.6,0.0,-9.6,-0.1
441,Tony Snell\snellto01,SF,28,DET,52,1420,9.6,.606,.673,.065,0.6,6.8,3.6,9.5,0.9,0.7,7.0,11.4,,1.8,0.4,2.2,.075,,0.3,-1.5,-1.2,0.3
442,Omari Spellman\spellom01,PF,22,GSW,49,886,14.5,.551,.373,.312,9.0,17.9,13.3,8.1,1.8,2.4,13.9,18.7,,0.5,0.7,1.2,.066,,-1.8,-0.4,-2.2,0.0
443,Max Strus\strusma01,SG,23,CHI,2,6,30.8,.727,.333,.333,17.6,0.0,9.1,0.0,0.0,0.0,0.0,24.4,,0.0,0.0,0.0,.318,,7.1,-9.7,-2.6,0.0
444,Edmond Sumner\sumneed01,PG,24,IND,20,268,10.2,.502,.325,.163,3.3,8.6,6.0,14.2,2.4,2.0,14.9,16.5,,-0.1,0.3,0.3,.046,,-2.7,0.6,-2.0,0.0
445,Caleb Swanigan\swanica01,PF,22,TOT,19,208,6.7,.520,.053,.316,11.1,25.3,18.2,10.1,0.5,2.5,35.7,13.8,,-0.2,0.2,-0.1,-0.013,,-5.6,1.1,-4.5,-0.1
445,Caleb Swanigan\swanica01,PF,22,SAC,7,23,0.0,.512,.000,.500,9.5,25.3,17.1,11.7,2.1,8.3,55.1,20.6,,-0.1,0.0,-0.1,-0.176,,-12.9,5.9,-7.0,0.0
445,Caleb Swanigan\swanica01,PF,22,POR,12,185,7.6,.521,.059,.294,11.2,25.3,18.3,9.9,0.3,1.8,31.9,12.9,,-0.1,0.1,0.0,.008,,-4.7,0.5,-4.2,-0.1
446,Jayson Tatum\tatumja01,PF,21,BOS,52,1779,20.0,.559,.376,.253,3.3,18.5,11.0,13.8,1.9,2.4,9.6,28.2,,2.5,2.9,5.4,.146,,1.6,0.6,2.2,1.9
447,Jeff Teague\teaguje01,PG,31,TOT,50,1289,14.7,.558,.242,.418,1.7,8.3,4.9,31.9,1.4,1.0,17.2,19.5,,1.8,0.6,2.3,.086,,-0.9,-2.4,-3.2,-0.4
447,Jeff Teague\teaguje01,PG,31,MIN,34,945,16.1,.578,.269,.444,1.6,8.4,4.9,33.0,1.2,1.1,16.4,20.2,,1.8,0.4,2.2,.112,,0.2,-2.4,-2.2,-0.1
447,Jeff Teague\teaguje01,PG,31,ATL,16,344,11.0,.492,.157,.333,1.9,8.2,5.0,28.9,2.0,0.7,19.9,17.6,,0.0,0.1,0.1,.017,,-3.8,-2.2,-6.1,-0.4
448,Garrett Temple\templga01,SG,33,BRK,50,1412,10.0,.507,.658,.146,1.9,10.6,6.3,12.5,1.3,1.2,9.5,16.5,,0.4,1.5,1.9,.065,,-1.1,0.1,-1.0,0.4
449,Daniel Theis\theisda01,C,27,BOS,50,1159,17.8,.621,.218,.274,10.3,19.6,15.0,9.5,1.3,5.2,10.6,14.6,,2.8,2.0,4.8,.200,,1.2,3.4,4.6,1.9
450,Isaiah Thomas\thomais02,PG,30,WAS,40,925,11.7,.531,.444,.178,1.2,6.9,4.0,22.8,0.7,0.6,14.4,24.0,,0.2,-0.2,0.0,.001,,-0.9,-4.9,-5.7,-0.9
451,Khyri Thomas\thomakh01,SG,23,DET,2,6,3.9,.568,,,0.0,0.0,0.0,0.0,0.0,0.0,0.0,6.4,,0.0,0.0,0.0,.028,,-4.7,-3.0,-7.7,0.0
452,Matt Thomas\thomama02,SG,25,TOR,26,267,14.4,.692,.693,.080,1.6,11.9,6.9,7.7,1.3,0.0,9.9,16.2,,0.5,0.3,0.8,.153,,1.6,-1.7,-0.1,0.1
453,Tristan Thompson\thomptr01,C,28,CLE,52,1583,17.1,.548,.031,.285,14.8,22.6,18.7,10.3,1.0,2.5,14.5,18.1,,2.0,0.9,2.9,.088,,-0.5,0.8,0.3,0.9
454,Matisse Thybulle\thybuma01,SG,22,PHI,49,981,9.5,.537,.643,.186,2.9,5.4,4.2,7.8,3.4,3.5,16.0,11.3,,0.0,1.7,1.8,.087,,-1.6,3.2,1.6,0.9
455,Anthony Tolliver\tollian01,PF,34,TOT,42,636,6.6,.482,.776,.157,4.8,14.9,9.9,6.4,0.9,1.3,14.9,11.2,,-0.1,0.3,0.2,.016,,-2.3,-0.6,-2.9,-0.1
455,Anthony Tolliver\tollian01,PF,34,POR,33,554,7.6,.515,.761,.162,5.1,15.2,10.2,6.7,0.7,1.4,14.3,11.2,,0.2,0.2,0.4,.034,,-1.5,-0.8,-2.3,0.0
455,Anthony Tolliver\tollian01,PF,34,SAC,9,82,0.3,.252,.882,.118,2.7,12.8,7.6,4.6,2.4,1.2,18.3,11.6,,-0.2,0.1,-0.2,-0.100,,-7.2,0.5,-6.7,-0.1
456,Juan Toscano-Anderson\toscaju01,SF,26,GSW,5,100,16.5,.668,.321,.036,1.0,22.3,11.3,17.3,2.9,2.7,17.4,14.7,,0.1,0.1,0.2,.112,,-1.5,1.7,0.2,0.1
457,Karl-Anthony Towns\townska01,C,24,MIN,35,1187,26.7,.642,.445,.363,8.1,25.9,16.7,23.3,1.3,2.9,13.2,28.9,,3.9,1.3,5.2,.211,,6.8,1.4,8.2,3.0
458,Gary Trent\trentga02,SG,21,POR,45,838,12.4,.569,.609,.090,2.2,6.2,4.2,6.9,1.9,1.1,4.5,14.6,,1.2,0.3,1.5,.086,,1.0,-1.5,-0.5,0.3
459,Allonzo Trier\trieral01,PG,24,NYK,20,246,12.2,.587,.541,.459,1.7,9.8,5.6,14.7,0.4,1.5,16.4,21.0,,0.2,0.1,0.3,.055,,-1.0,-3.2,-4.2,-0.1
460,P.J. Tucker\tuckepj01,PF,34,HOU,56,1952,8.9,.588,.676,.131,4.5,16.2,10.4,5.9,1.5,1.1,14.2,8.7,,1.7,1.9,3.6,.089,,-0.8,1.5,0.7,1.3
461,Rayjon Tucker\tuckera01,SG,22,UTA,13,75,4.5,.448,.316,.263,3.0,13.9,8.7,3.6,0.6,0.0,12.4,14.1,,-0.1,0.1,0.0,-0.008,,-5.7,-1.3,-7.0,-0.1
462,Evan Turner\turneev01,PG,31,ATL,19,251,6.8,.424,.075,.209,3.4,13.0,8.1,20.7,1.7,2.7,26.2,16.4,,-0.5,0.1,-0.3,-0.063,,-7.3,0.3,-7.0,-0.3
463,Myles Turner\turnemy01,C,23,IND,47,1367,14.4,.562,.454,.290,4.4,19.0,11.8,5.6,1.3,5.7,10.9,17.7,,0.8,2.1,2.9,.104,,-1.1,2.5,1.4,1.2
464,Jonas Valančiūnas\valanjo01,C,27,MEM,53,1371,21.8,.625,.128,.230,11.9,31.0,21.6,10.8,0.8,3.9,13.3,21.7,,2.9,1.8,4.8,.167,,0.7,1.6,2.3,1.5
465,Denzel Valentine\valende01,SF,26,CHI,30,366,12.7,.520,.616,.030,1.2,16.6,8.5,14.7,2.6,1.3,10.7,21.7,,0.0,0.5,0.4,.059,,-1.4,-0.6,-2.0,0.0
466,Jarred Vanderbilt\vandeja01,SF-PF,20,TOT,11,46,7.6,.676,.125,.250,7.2,14.4,10.7,5.9,3.2,2.0,44.1,14.9,,-0.1,0.1,0.0,-0.017,,-5.9,1.8,-4.1,0.0
466,Jarred Vanderbilt\vandeja01,SF,20,DEN,9,41,7.2,.714,.000,.000,8.1,13.5,10.8,6.6,3.6,2.2,50.0,14.8,,-0.1,0.1,0.0,-0.032,,-6.2,2.9,-3.3,0.0
466,Jarred Vanderbilt\vandeja01,PF,20,MIN,2,5,11.2,.532,1.000,2.000,0.0,21.7,10.5,0.0,0.0,0.0,0.0,15.5,,0.0,0.0,0.0,.109,,-3.5,-7.3,-10.8,0.0
467,Fred VanVleet\vanvlfr01,PG,25,TOR,47,1682,16.4,.547,.479,.240,1.2,9.8,5.6,27.6,2.6,0.7,12.3,22.0,,2.4,2.7,5.1,.145,,1.8,0.4,2.2,1.8
468,Gabe Vincent\vincega01,PG,23,MIA,4,41,1.3,.316,.842,.000,0.0,7.8,4.1,10.2,1.2,0.0,0.0,20.4,,-0.1,0.0,-0.1,-0.105,,-5.4,-4.6,-9.9,-0.1
469,Noah Vonleh\vonleno01,C-PF,24,TOT,31,361,15.3,.618,.170,.341,9.9,25.9,17.6,10.5,1.4,1.4,17.2,14.0,,0.6,0.4,0.9,.124,,-1.8,0.5,-1.3,0.1
469,Noah Vonleh\vonleno01,C,24,MIN,29,347,15.4,.605,.163,.326,10.0,25.7,17.5,10.9,1.5,1.4,16.2,13.9,,0.6,0.4,0.9,.127,,-1.7,0.8,-0.9,0.1
469,Noah Vonleh\vonleno01,PF,24,DEN,2,14,13.0,1.042,.500,1.000,7.9,31.6,19.7,0.0,0.0,0.0,41.0,15.1,,0.0,0.0,0.0,.051,,-3.9,-6.4,-10.4,0.0
470,Nikola Vučević\vucevni01,C,29,ORL,45,1452,21.8,.532,.293,.156,8.3,28.2,17.8,20.4,1.5,2.6,7.4,26.2,,2.2,2.3,4.5,.149,,2.2,2.1,4.3,2.3
471,Dean Wade\wadede01,PF,23,CLE,10,54,13.9,.766,.300,.100,4.1,28.9,16.4,2.6,1.8,4.8,22.3,10.6,,0.0,0.1,0.1,.095,,-3.5,1.1,-2.4,0.0
472,Moritz Wagner\wagnemo01,C,22,WAS,28,557,17.3,.663,.322,.297,7.0,24.0,15.2,9.6,1.5,2.5,18.0,20.7,,0.9,0.4,1.3,.108,,0.2,-0.7,-0.5,0.2
473,Dion Waiters\waitedi01,SG,28,MIA,3,42,13.7,.530,.654,.038,0.0,28.1,14.7,12.4,0.0,4.7,10.2,30.9,,-0.1,0.1,0.0,.006,,-2.5,-2.1,-4.6,0.0
474,Kemba Walker\walkeke02,PG,29,BOS,46,1481,21.0,.579,.520,.270,2.3,11.3,6.9,24.6,1.5,1.6,10.1,27.7,,3.7,1.8,5.5,.177,,4.8,-0.9,3.9,2.2
475,Lonnie Walker\walkelo01,SG,21,SAS,48,670,11.0,.511,.261,.220,2.9,13.1,8.0,7.8,1.7,1.2,9.3,18.8,,0.0,0.4,0.4,.025,,-2.9,-1.7,-4.5,-0.4
476,Tyrone Wallace\wallaty01,SG,25,ATL,14,160,3.9,.389,.341,.386,2.0,12.9,7.4,10.9,2.0,0.5,16.3,16.0,,-0.3,0.1,-0.2,-0.073,,-6.9,-1.2,-8.2,-0.2
477,Taurean Waller-Prince\princta02,SF,25,BRK,55,1625,9.9,.507,.591,.111,2.8,18.0,10.6,10.0,1.5,1.2,14.1,20.1,,-1.1,2.3,1.1,.033,,-2.4,0.6,-1.8,0.1
478,Derrick Walton\waltode01,PG,24,LAC,23,222,8.4,.626,.583,.250,0.9,5.9,3.5,12.6,0.8,0.0,9.1,8.2,,0.4,0.2,0.5,.110,,-1.0,-1.4,-2.4,0.0
479,Brad Wanamaker\wanambr01,PG,30,BOS,55,1040,11.8,.551,.278,.363,1.6,9.7,5.7,19.0,1.9,1.0,15.8,15.9,,1.0,1.3,2.3,.107,,-1.5,0.0,-1.5,0.1
480,T.J. Warren\warretj01,SF,26,IND,54,1743,17.3,.595,.214,.227,3.4,9.7,6.6,6.7,1.8,1.3,7.1,22.7,,2.8,1.8,4.6,.127,,1.1,-0.8,0.3,1.0
481,P.J. Washington\washipj01,PF,21,CHO,49,1482,12.6,.554,.352,.242,3.2,17.0,9.9,11.3,1.6,2.4,13.1,17.9,,0.5,1.2,1.8,.058,,-1.8,0.7,-1.1,0.4
482,Yuta Watanabe\watanyu01,SG,25,MEM,9,49,7.9,.508,.286,.286,2.2,14.9,8.6,2.6,0.9,1.8,6.0,14.2,,0.0,0.0,0.0,.033,,-4.8,-1.8,-6.6,-0.1
483,Tremont Waters\watertr01,PG,22,BOS,9,73,8.2,.457,.536,.214,0.0,10.2,5.1,19.1,3.3,2.5,20.7,22.6,,-0.1,0.1,0.0,-0.012,,-4.8,0.4,-4.4,0.0
484,Paul Watson\watsopa01,SF-SG,25,TOT,5,25,-0.4,.056,.500,.250,0.0,16.9,8.5,23.9,1.9,3.8,0.0,14.8,,-0.1,0.0,-0.1,-0.181,,-10.6,0.7,-9.9,0.0
484,Paul Watson\watsopa01,SG,25,ATL,2,17,-7.1,.000,.429,.000,0.0,12.7,6.3,21.2,2.7,0.0,0.0,17.1,,-0.1,0.0,-0.1,-0.321,,-13.5,-1.9,-15.3,-0.1
484,Paul Watson\watsopa01,SF,25,TOR,3,8,13.6,.266,1.000,2.000,0.0,25.6,13.2,29.5,0.0,12.0,0.0,10.1,,0.0,0.0,0.0,.117,,-4.6,6.2,1.6,0.0
485,Quinndary Weatherspoon\weathqu01,SG,23,SAS,1,4,-10.0,.000,.000,.000,0.0,0.0,0.0,0.0,0.0,0.0,0.0,10.8,,0.0,0.0,0.0,-0.286,,-13.6,-3.7,-17.3,0.0
486,Russell Westbrook\westbru01,PG,31,HOU,47,1690,21.3,.533,.175,.283,4.8,18.3,11.5,35.7,2.1,0.8,14.5,34.2,,1.9,2.0,3.9,.111,,1.2,1.0,2.1,1.8
487,Coby White\whiteco01,SG,19,CHI,58,1435,10.7,.492,.485,.167,1.9,14.0,7.7,15.2,1.5,0.4,11.6,23.6,,-0.8,1.3,0.4,.014,,-2.4,-1.7,-4.1,-0.8
488,Derrick White\whitede01,SG,25,SAS,54,1284,15.6,.578,.339,.361,2.3,11.5,6.9,19.5,1.2,2.9,11.6,18.0,,2.2,0.7,2.9,.107,,0.7,-0.5,0.2,0.7
489,Hassan Whiteside\whiteha01,C,30,POR,53,1640,24.8,.636,.007,.346,13.5,33.1,23.4,6.1,0.6,8.4,13.4,19.7,,4.3,2.6,6.9,.202,,-0.1,3.2,3.1,2.1
490,Andrew Wiggins\wiggian01,SF-SG,24,TOT,47,1617,16.7,.540,.345,.267,3.5,12.4,7.8,18.3,1.1,2.3,10.8,27.7,,1.0,1.0,2.0,.059,,0.5,-1.2,-0.7,0.5
490,Andrew Wiggins\wiggian01,SF,24,MIN,42,1455,16.2,.535,.348,.262,3.4,12.8,7.9,18.4,0.9,2.0,10.8,28.0,,0.7,0.8,1.6,.052,,0.4,-1.4,-1.0,0.4
490,Andrew Wiggins\wiggian01,SG,24,GSW,5,162,21.2,.596,.315,.315,5.1,9.0,7.0,17.2,2.7,5.0,10.7,24.5,,0.3,0.2,0.4,.122,,1.7,0.6,2.3,0.2
491,Grant Williams\willigr01,PF,21,BOS,54,835,8.5,.520,.433,.298,7.0,11.2,9.1,8.7,1.3,3.4,18.5,12.1,,0.2,1.1,1.4,.079,,-2.0,1.9,-0.1,0.4
492,Johnathan Williams\willijo04,C,24,WAS,11,135,14.4,.643,.080,.200,11.7,23.3,17.3,5.8,0.3,3.8,12.8,9.6,,0.3,0.1,0.3,.114,,-1.5,-0.2,-1.7,0.0
493,Kenrich Williams\willike04,PF,25,NOP,35,779,7.7,.430,.671,.168,6.6,17.6,12.0,8.4,1.5,2.2,12.0,9.2,,0.1,0.7,0.8,.049,,-2.2,1.8,-0.4,0.3
494,Lou Williams\willilo02,SG,33,LAC,53,1593,17.2,.544,.330,.373,1.6,9.0,5.4,30.0,1.0,0.5,14.4,28.9,,1.9,1.4,3.4,.101,,1.0,-1.9,-0.9,0.4
495,Marvin Williams\willima02,PF,33,TOT,44,856,12.0,.595,.564,.236,2.1,13.2,7.4,7.8,1.7,2.5,9.7,13.7,,0.9,0.7,1.7,.093,,-1.2,0.2,-1.0,0.2
495,Marvin Williams\willima02,PF,33,CHO,41,808,11.8,.593,.557,.238,1.9,13.1,7.3,7.8,1.6,2.5,9.7,13.9,,0.9,0.6,1.4,.086,,-1.3,0.0,-1.3,0.1
495,Marvin Williams\willima02,PF,33,MIL,3,48,14.8,.643,.700,.200,4.4,13.5,9.2,7.7,3.8,1.8,8.4,10.2,,0.1,0.1,0.2,.211,,0.9,3.4,4.2,0.1
496,Robert Williams\williro04,C,22,BOS,19,269,18.2,.671,.000,.286,9.3,25.3,17.4,10.7,3.0,7.2,22.5,11.3,,0.4,0.7,1.1,.194,,-1.0,6.9,5.9,0.5
497,Nigel Williams-Goss\willini01,PG,25,UTA,9,28,5.7,.254,.286,.286,8.1,11.1,9.7,22.3,1.7,3.0,20.2,15.4,,-0.1,0.0,0.0,-0.041,,-6.5,2.2,-4.3,0.0
498,Zion Williamson\willizi01,PF,19,NOP,12,337,25.8,.616,.066,.519,13.0,13.8,13.4,14.3,1.1,1.2,11.5,30.6,,0.9,0.2,1.1,.161,,2.9,-1.9,1.0,0.3
499,D.J. Wilson\wilsodj01,PF,23,MIL,28,243,7.7,.482,.548,.083,3.0,18.3,11.1,9.6,0.2,1.8,13.9,17.1,,-0.2,0.4,0.2,.046,,-4.5,-0.2,-4.7,-0.2
500,Justise Winslow\winslju01,SF,23,MIA,11,352,8.7,.440,.209,.209,5.3,17.4,11.6,18.6,1.0,1.4,14.6,20.6,,-0.4,0.4,0.0,.000,,-4.3,0.3,-4.0,-0.2
501,Christian Wood\woodch01,PF,24,DET,55,1071,22.9,.661,.288,.519,8.6,25.6,17.0,6.9,1.1,3.7,11.9,22.2,,3.0,1.3,4.2,.190,,1.2,-0.3,0.9,0.8
502,Delon Wright\wrighde01,SG,27,DAL,55,1169,16.6,.562,.296,.247,5.4,13.4,9.5,21.7,2.4,1.4,12.9,15.1,,2.4,1.3,3.7,.151,,1.0,1.3,2.3,1.3
503,Justin Wright-Foreman\wrighju02,PG,22,UTA,1,2,0.0,,,,0.0,0.0,0.0,0.0,0.0,0.0,,0.0,,0.0,0.0,0.0,.014,,-5.2,1.2,-4.0,0.0
504,Thaddeus Young\youngth01,PF,31,CHI,57,1393,13.0,.523,.364,.116,6.2,16.1,11.0,10.9,2.6,1.4,14.4,19.8,,-0.3,1.8,1.5,.053,,-2.0,1.0,-1.0,0.3
505,Trae Young\youngtr01,PG,21,ATL,52,1840,24.5,.602,.455,.446,1.7,11.7,6.7,45.5,1.5,0.3,16.5,35.0,,4.8,0.6,5.4,.142,,7.7,-2.5,5.2,3.3
506,Cody Zeller\zelleco01,C,27,CHO,52,1200,18.7,.570,.161,.345,12.6,21.5,16.8,10.8,1.5,1.8,11.4,20.9,,2.1,1.1,3.2,.126,,0.1,-0.1,0.0,0.6
507,Ante Žižić\zizican01,C,23,CLE,17,168,19.0,.644,.000,.308,9.1,27.2,18.1,2.8,2.0,2.0,10.6,16.7,,0.4,0.2,0.5,.150,,-2.3,-1.4,-3.7,-0.1
508,Ivica Zubac\zubaciv01,C,22,LAC,56,1000,21.1,.633,.007,.404,15.4,25.6,20.6,8.8,0.5,4.9,11.9,16.7,,3.0,1.7,4.7,.224,,0.7,2.6,3.3,1.3